"Countryname","Country"," ","EMERGING_RISK_COVID_RESPONSE_CAPACITY_AV","EMERGING_RISK_MACROECONOMIC_EXPOSURE_TO_COVID_AV","EMERGING_RISK_FRAGILITY_INSTITUTIONS_AV","  ","EMERGING_RISK_FRAGILITY_INSTITUTIONS_MULTIDIMENSIONAL_SQ","EMERGING_RISK_FRAGILITY_INSTITUTIONS_MULTIDIMENSIONAL","   ","EMERGING_RISK_COVID_RESPONSE_CAPACITY_SQ_ALT","EMERGING_RISK_COVID_RESPONSE_CAPACITY_SQ","EMERGING_RISK_COVID_RESPONSE_CAPACITY_SQ_SQ","EMERGING_RISK_FOOD_SECURITY_SQ","EMERGING_RISK_MACROECONOMIC_EXPOSURE_TO_COVID_SQ","EMERGING_RISK_FISCAL_SQ","EMERGING_RISK_NATURAL_HAZARDS_SQ","EMERGING_RISK_FRAGILITY_INSTITUTIONS_SQ","    ","TOTAL_EMERGING_COMPOUND_RISK_SCORE_SQ"
"Afghanistan","AFG",NA,0.529132674414134,8.50222714917156,10,NA,10,10,NA,1.53185513570936,4.2063302749862,3.39855671178937,10,10,10,10,10,NA,5
"Angola","AGO",NA,1.39853931323351,2.38768054744307,6.20253086615016,NA,9.15475598194295,9.52995770124013,NA,4.38471573731059,6.53197264742179,6.26793849732932,1.31529263687854,2.06394144907901,10,3.53545460609699,9.37780690840601,NA,2
"Albania","ALB",NA,2.11185009508687,7.27364677457227,0.922897311106767,NA,4.56800009848679,3.44299310846292,NA,3.16227766016838,5.84807660688538,3.2886151489306,2.83397107544037,6.56395180569673,10,10,2.99644383316996,NA,2
"United Arab Emirates","ARE",NA,2.03323281239413,4.55879071693839,2.32002324160472,NA,3.35744610823008,7.39262630755056,NA,6.90065559342353,6.82641926635041,5.67071909596602,1.26358728447854,6.6191741093892,10,0,3.60405748637794,NA,1
"Argentina","ARG",NA,4.3372198147884,5.03082721173089,1.60481345766224,NA,5.19081676585191,6.6687832274207,NA,8.45154254728515,4.77493455452533,4.38970579968751,4.44649802217571,4.46609232668316,10,0,4.44693343308797,NA,1
"Armenia","ARM",NA,2.85463039660436,9.81643607064002,1.72150902844851,NA,8.6066296582387,10,NA,10,6.29285308902091,6.29285308902091,2.11259316846939,8.67378357903775,10,1.53425388566473,8.6066296582387,NA,3
"Antigua and Barbuda","ATG",NA,0.160685683788979,10,1.46447582969033,NA,7.15632442039257,9.81306762925316,NA,0.000666666666667481,0.0739369100427746,0.0739369100427746,NA,4.62475596435435,10,3.3620172103262,7.08912144403208,NA,2
"Australia","AUS",NA,0.997137726033927,5.77945221530955,1.45796053281789,NA,1.22714257372711,4.47246032187314,NA,2.93379325398754,0,0,1.14577634566987,5.44617716576345,10,0,0.845994506762865,NA,1
"Austria","AUT",NA,3.57072008677243,8.26233218112194,0.468543144927459,NA,1.20294113875247,1.4470673833031,NA,4.87950036474266,4.79583152331272,3.35005236360689,0,4.14487252510697,10,0,0,NA,1
"Azerbaijan","AZE",NA,1.78965686452835,5.16779118224874,0.297110754428474,NA,7.29931502439613,7.9120799740682,NA,4.31724118258076,7.1514234347336,5.55980636958503,3.82492316886297,4.32881755044847,10,2.89507037555867,7.40740740740741,NA,3
"Burundi","BDI",NA,0.135522182680133,4.28572785235157,2.72165526975909,NA,10,10,NA,0.261861468283208,6.70465367878019,1.57225069902783,NA,4.41726104299386,10,4.37595890867854,10,NA,2
"Belgium","BEL",NA,3.18843108837416,8.08856004514518,0.415111600525707,NA,1.02819412263657,1.25593358674337,NA,4.87950036474266,4.24264068711929,2.96362964226922,0,4.14417608344447,10,0,0.380852358885344,NA,1
"Benin","BEN",NA,0.91461010385465,2.79478806743591,2.33977575818544,NA,6.91433938358093,7.36714815814066,NA,0.799999999999994,7.67184090405573,2.56748904574098,3.91185040801069,8.39458936366201,8.36660026534076,3.26862784337269,6.12445332282352,NA,3
"Burkina Faso","BFA",NA,0.472721946736668,4.25231320371179,1.96798967126543,NA,9.19712077609975,9.81627268345133,NA,9.75900072948531,8.93308457365092,8.82478474645658,5.91718235,7.74732993034289,5.29150262212918,6.53725568674538,9.28279121632914,NA,3
"Bangladesh","BGD",NA,1.0762925523096,5.75224675159978,1.98631315324959,NA,8.08726382339477,7.74953016557627,NA,2.18828047301332,4.08248290463862,3.91381697465444,3.59630572040861,0,2.68328157299975,10,8.47902586947924,NA,2
"Bulgaria","BGR",NA,2.20852347691489,8.81833824882544,2.90221154564563,NA,5.94588390010563,10,NA,3.20713490294909,4.59147035273016,3.95611151591958,2.5341847754028,5.81129133169545,10,0,5.94588390010563,NA,1
"Bahrain","BHR",NA,6.78853630693648,5.01223500475973,1.20077797637128,NA,4.29031822027347,3.50724742000092,NA,6.90065559342353,7.82304288624318,6.49861617821456,0.670344156895743,5.59722771351944,10,0,3.1336680232224,NA,2
"Bahamas","BHS",NA,1.89466340994946,9.24868089253629,0.929505165151245,NA,3.00170996893491,2.73214418495066,NA,10,8.87693640846886,8.87693640846886,3.06385451596809,10,10,10,1.56899129836403,NA,4
"Bosnia and Herzegovina","BIH",NA,1.54589795183561,7.85534377289582,0.957302803951345,NA,7.13546845613529,7.20082299823096,NA,4.87950036474266,7.37563556583431,5.15213373120303,1.77874874911406,8.92957646447449,10,10,6.05499178792296,NA,4
"Belarus","BLR",NA,1.52224947769606,6.69147916309425,5.45158849359947,NA,7.0816498805162,8.95078084716498,NA,2.02859557329695,5.34410778334419,3.75212650088998,2.49601334440127,4.73249815793558,10,0,7.48521000335503,NA,2
"Belize","BLZ",NA,2.82366317888807,10,1.75771196377529,NA,7.70753070883104,8.6066296582387,NA,10,8.74070935336486,8.74070935336486,4.27443530036607,9.2495119287087,10,4.46934827563205,7.15042443824758,NA,4
"Bolivia","BOL",NA,6.02046613090961,8.22466098057397,2.06615026927469,NA,7.11420078113866,7.39509972887452,NA,6.90065559342353,8.27042925125413,6.8702608581492,7.21281048384577,6.06407314553894,10,2.49483023147222,6.1178402936131,NA,3
"Brazil","BRA",NA,3.6541955544944,4.87967231092493,1.184589912787,NA,5.46237303401854,4.47562787441593,NA,4.87950036474266,4.53872228716409,3.17045276756647,3.52484517395457,5.66414614878065,10,10,3.65433485696544,NA,2
"Barbados","BRB",NA,0.316118645467696,5.64050300437171,1.50012866840448,NA,4.51230654818232,7.36125221603187,NA,2.17606022325626,8.51888658050031,4.07204848954586,4.26401432711221,6.09998316253028,8,1.38749916616637,4.29414907892783,NA,2
"Brunei Darussalam","BRN",NA,0.367097771585075,4.29668924423659,2.28178848570056,NA,5.40191594227108,6.66666666666667,NA,0.0816496580928225,8.64869932417586,0.781498203794681,3.34123821926567,2.80712040231545,10,0,4.41064589732332,NA,2
"Bhutan","BTN",NA,0.312130751680205,1.89875935074807,3.69045588744756,NA,7.74129684205989,9.76855772064854,NA,2.10807969488822,7.70713954719908,3.53864287370681,8.3580176674941,4.55717637332791,10,2.3880995263825,7.83246562268207,NA,4
"Botswana","BWA",NA,4.27809002644279,8.33129285768346,2.138008720028,NA,6.8657153405925,10,NA,9.19456258294568,8.60785908895108,8.45775956712636,7.50197077799245,5.23374818605623,10,2.94843572810353,6.8657153405925,NA,3
"Central African Republic","CAF",NA,0.950602299081753,1.32459330218816,10,NA,9.84226416717799,9.68701639365158,NA,1.6887022824652,7.81024967590664,3.79756731240578,NA,7.07107754916866,10,7.07090921219399,10,NA,5
"Canada","CAN",NA,2.52613999572898,3.7826557163926,0.922459493254172,NA,1.1658949638998,2.69143591235691,NA,4.80904952767928,0,0,1.14546970138613,3.74899162209225,0,0,0.655563415902743,NA,0
"Switzerland","CHE",NA,3.97100639475404,0,1,NA,1.6470406669282,2.7127429585153,NA,4.87950036474266,2.44948974278318,1.71105237174249,0,0,10,0,0,NA,1
"Chile","CHL",NA,4.10169582702079,0,1.87101647861406,NA,3.38184305456036,5.56068139600214,NA,6.90065559342353,4.83735464897913,4.01839944363562,3.33198055864021,3.89425827475057,10,0,3.34251428061825,NA,1
"China","CHN",NA,0.438845848283221,5.21430160281247,1.14787442333072,NA,6.03160899264778,5.93020033834305,NA,0.0845154254728531,3.22194853791185,0.607031510765001,2.13859968930822,4.19249806659938,10,10,5.83797518791578,NA,2
"CÃ´te d'Ivoire","CIV",NA,0.386142905346792,4.9117632014436,0.396955433047714,NA,9.32328499551254,9.50095633966237,NA,0.586003412959344,1.53930503799604,2.01082658362661,5.96811790606272,8.51231201185888,8.36660026534076,4.40264158495097,9.38620619975244,NA,3
"Cameroon","CMR",NA,1.03122610413265,5.23915442187326,1.83563991747256,NA,8.42223622114704,7.09340629648011,NA,1.07990299387976,4.11732691832709,2.77288826252049,5.46884833228446,6.64400759552489,10,5.36321793075846,7.19397284745155,NA,2
"Congo DR","COD",NA,0.409493865729412,7.89278592770637,10,NA,10,10,NA,0.681385143869243,7.88307409218364,2.43475886930563,NA,0,8.36660026534076,7.31105329864586,10,NA,4
"Congo","COG",NA,0.981442678614004,2.46781045189797,2.10775214120053,NA,9.10229644381658,8.63402974164262,NA,2.51837217169713,4.97185603824646,4.83430385405689,5.91350848030804,0,1.41421356237309,7.00420252151291,8.54704805482526,NA,2
"Colombia","COL",NA,4.38845848283219,6.39728925011767,1.19303173324167,NA,6.90790934025522,6.62897420187107,NA,8.45154254728515,7.18331399842719,6.60378372934724,4.4329278349025,4.70375354190984,10,5.53665532652925,5.7439967634015,NA,2
"Comoros","COM",NA,0.0683826058131957,2.1252682856515,4.01933596392112,NA,6.19999217906647,3.93677627485661,NA,0.0327999999999999,0.529875457065148,0.529875457065148,NA,3.91225253800218,4.58257569495584,0,7.80023964113409,NA,1
"Cabo Verde","CPV",NA,5.53633780085698,8.23619064310756,3.20910793178299,NA,5.66489887975328,5.66489887975328,NA,9.75900072948531,9.02219485491197,8.91281470344865,0.792098207390254,10,10,2.73497431792409,3.20910793178299,NA,3
"Costa Rica","CRI",NA,4.93577299209591,5.38111442244329,1.74972831333214,NA,3.34706311059873,6.5816634864694,NA,6.90065559342353,7.05691150575094,5.86218942505692,1.27188071966242,4.50241133044515,1.6,1.10733106530585,3.6385121527321,NA,1
"Cuba","CUB",NA,1.0211879260478,NA,3.08717721138751,NA,6.73721536853215,10,NA,2.23798378648537,5.75698333703138,3.94669065850596,3.60031547476069,NA,NA,10,6.73721536853215,NA,1
"Cyprus","CYP",NA,0.312978248544577,8.39782159989747,2.46834316059365,NA,6.07477689037252,8.81917103688197,NA,3.33016516106934,7.34846922834953,4.24062399533069,2.37888032226499,7.6017179849493,10,0,5.70484980246768,NA,3
"Czech Republic","CZE",NA,4.70070835868278,4.51298289941646,5.42943660659577,NA,4.08853621784139,9.0267093384844,NA,6.90065559342353,6,4.98421108464767,0,3.96986774416873,10,0,3.88447721544501,NA,1
"Germany","DEU",NA,1.34393776863871,2.62611354557892,0.826968878211701,NA,0.894466694870843,2.37620988465251,NA,2.91857760528913,1.69176830564945,1.52802555090918,0,3.69209922279945,10,0,0.479856012891353,NA,1
"Djibouti","DJI",NA,0.891927216589006,7.60139608981675,2.45117572704593,NA,8.99172196132572,10,NA,1.56185914048238,6.67618368317023,3.82348029351729,10,0,10,7.76465879527717,8.99172196132572,NA,4
"Dominica","DMA",NA,0.531278829080694,10,0.786829296755221,NA,2.20709376080757,2.20709376080757,NA,7.96804732197,9.3605046668995,8.56189437929037,NA,9.97181769877669,0,5.17643919685144,0.487126286899569,NA,2
"Denmark","DNK",NA,3.78630023124083,7.31433617259424,0.217309642514125,NA,0.827372512101201,0.684545273780652,NA,6.90065559342353,0,0,0,4.48406038292074,10,0,0,NA,1
"Dominican Republic","DOM",NA,3.25280244500077,0,2.32107163395235,NA,6.43076691717938,7.01849408771278,NA,4.87950036474266,7.96241169495775,5.56201692845936,4.24142758399719,5.52610497073592,10,3.64218531118671,6.76968662049936,NA,2
"Algeria","DZA",NA,0.771594795940081,5.45193808142865,2.8797190127298,NA,7.82434731774522,8.94515849095093,NA,1.64765345408611,4.70055721114402,3.91027160871456,1.4265073118426,4.45155148798075,10,3.12187312387432,8.27283000623467,NA,2
"Ecuador","ECU",NA,6.02046613090961,8.28895472795833,2.3672148670591,NA,7.26632896006378,8.6066296582387,NA,6.90065559342353,6.308724118235,5.24066878001517,3.2301430071688,5.19777698189052,8.4,3.30865185778134,6.74111309253106,NA,1
"Egypt","EGY",NA,0.778018319653862,2.51504040801254,1.26979227575105,NA,8.47221889372937,8.32984980299619,NA,0.934174117399367,2.2920604955685,2.37144010819253,1.20691142187877,7.57097308943335,10,2.41478220265493,9.10926579940751,NA,3
"Eritrea","ERI",NA,0.299528844434601,4.8762967026351,10,NA,10,10,NA,4.41897725190929,9.52190457139045,6.48603603429525,6.64828596814576,NA,7,8.80528316990194,10,NA,4
"Spain","ESP",NA,4.44291153265773,8.50097918269996,1.66475653745896,NA,2.84390405634195,4.30331482911935,NA,3.16227766016838,2.86356421265527,1.61030049411222,0,6.06407314553894,10,0,1.86559126965027,NA,1
"Estonia","EST",NA,1.98050218285855,6.38129512581427,0.25844383899889,NA,3.8304847244293,9.62250448649377,NA,5.2316452439146,4.30945803685666,3.68812657512971,2.66630505536231,5.74635866429225,10,0,3.75748967500055,NA,1
"Ethiopia","ETH",NA,0.887612446332449,7.00613669596611,10,NA,9.92882471814706,10,NA,1.06037729134492,2.57127828132235,2.49700189689719,10,6.43920916216785,10,10,9.92882471814706,NA,4
"Finland","FIN",NA,2.32063307594473,3.69520112016819,0.556116046943338,NA,1.23356567027136,1.52168426287202,NA,9.75900072948531,1.61245154965971,1.59290306976482,1.16186949821487,4.10568986614332,10,0,0,NA,1
"Fiji","FJI",NA,1.58489319246111,6.6708053807488,4.661384971728,NA,7.17042774809075,8.38094775349498,NA,0,9.41275730060007,0,0,8.86667425853945,10,10,6.90758539669314,NA,4
"France","FRA",NA,4.44268623555416,5.31184903081056,2.63124121644418,NA,3.05515569263131,7.92054560841883,NA,3.16227766016838,1.89736659610103,1.06696764602335,0,4.60285980365028,10,0,2.80291655060841,NA,1
"Micronesia","FSM",NA,NA,NA,1.90871385903056,NA,7.00669498591808,7.77777777777778,NA,NA,NA,NA,NA,NA,10,2.33473417383764,7.00669498591808,NA,2
"Gabon","GAB",NA,0.297314691720117,6.63259591309067,2.16682590587791,NA,7.72529874271293,7.54256658606643,NA,1.86675169874354,6.90065559342353,4.3205922033253,0,0,10,2.17463811620306,6.84752798323834,NA,1
"United Kingdom","GBR",NA,4.69710407102384,0,1,NA,2.11714692019329,2.9395621512439,NA,6.90065559342353,0,0,0,5.69421734950122,10,0,0,NA,1
"Georgia","GEO",NA,3.76358251161549,9.05380274102504,2.15995194290133,NA,6.3473533730017,6.38284738504226,NA,9.75900072948531,6,5.92725928453844,4.88367427913615,9.70483719160565,10,3.38869988659863,5.071073526256,NA,2
"Ghana","GHA",NA,0.824822851798244,5.23207710478668,4.04500335906484,NA,6.19032154350263,7.30152891146668,NA,1.22357789173508,5.7321150422111,2.90563030218437,6.59285163383686,4.58964809748522,10,2.81502234674138,6.23504251692095,NA,1
"Guinea","GIN",NA,1.22748729175725,3.43432171368294,5.42195789870556,NA,9.90295724191303,9.80685621351577,NA,1.66933120340652,5.96018535985328,3.52891070691972,NA,5.63537131720046,8.36660026534076,3.13521446201054,10,NA,2
"Gambia","GMB",NA,2.08227614424761,3.00833295842603,2.46762008666673,NA,6.73696423022081,5.61361655485766,NA,4.74592557082488,8.25775249026488,5.82930759928708,5.67953824715789,6.52243302868739,10,4.24254552731639,7.73884209109822,NA,3
"Guinea-Bissau","GNB",NA,1.1229106062015,7.3435424116769,2.89975287332996,NA,9.842242048303,9.75264724596711,NA,10,10,10,NA,9.75264724596711,10,2.54819558401708,9.9662730911108,NA,4
"Equatorial Guinea","GNQ",NA,0.119452279950607,0.88722301722869,1.54406063016055,NA,8.60676365822473,7.45785934188331,NA,0.305400000000001,1.74756974109762,1.74756974109762,6.17966682587706,0,10,1.88112867720632,7.51383203583303,NA,2
"Greece","GRC",NA,1.47277616789938,8.71294797269765,1.98894291697684,NA,5.60084060044673,9.0267093384844,NA,5.05936190217133,4.17328359927767,4.04874456628658,0.415195515277932,7.84464540552736,10,0,5.32130242721961,NA,2
"Grenada","GRD",NA,0.0258198889747319,10,1.99673063347899,NA,6.8657153405925,10,NA,0.000666666666667481,0.0752772652709541,0.0752772652709541,NA,6.12563891831689,10,0.573677539857247,6.8657153405925,NA,1
"Guatemala","GTM",NA,2.56931057646194,6.94920731483386,10,NA,8.31089773151454,9.14461406161575,NA,5.00761325145926,6.26772366972252,6.11202052155309,6.8118568,6.72199245465855,4.4,5.3098525782136,8.69090990021281,NA,1
"Guyana","GUY",NA,3.16773553731875,1.77518567164594,1.66625453460956,NA,6.69552349821026,7.19703803771918,NA,9.62434413349814,8.75214259481643,8.58617936352344,6.83013306629887,4.891809034077,0,0,7.59444011356226,NA,2
"Honduras","HND",NA,3.41427110998413,7.3890896682792,10,NA,8.48444550945062,10,NA,8.45154254728515,9.20869154657707,8.46575931626798,4.96538703587162,8.44361054877812,5.47722557505166,4.64278567140284,8.48444550945062,NA,3
"Croatia","HRV",NA,3.12832875052967,0,1.55905225820602,NA,5.77893847952745,7.93492047615872,NA,4.82167724226449,5.71078768647548,4.01302902919521,3.22634984234962,7.03782330326856,10,10,5.14777267724601,NA,3
"Haiti","HTI",NA,0.81119126705587,2.37608065240745,10,NA,9.75079087326471,9.50779226541424,NA,0.967815409397196,4.28174419288837,2.7298678818504,10,8.55968835956938,10,9.21886465212461,10,NA,5
"Hungary","HUN",NA,5.60134133144852,7.57896076443615,1.91800438407613,NA,5.21201323663036,9.22958206990897,NA,9.75900072948531,5.65685424949238,5.58827364526407,2.22394584514699,3.5718305857898,10,0,5.0072183251705,NA,1
"Indonesia","IDN",NA,1.65061041895997,4.63652666103009,4.12500541996666,NA,6.54127483737776,7.18231784075442,NA,3.57198090967009,3.57238082543067,3.09401177081081,3.61190816891218,3.37941882742436,10,10,7.7184498498796,NA,3
"India","IND",NA,3.07785796890812,3.79173522528959,0.981210813659244,NA,4.41555671303555,2.77686554861686,NA,8.45154254728515,6.85565460040104,6.30255900188488,4.73157136443393,2.43533322930813,10,6.08365019011407,2.55113060332126,NA,1
"Ireland","IRL",NA,5.1580263290132,6.09843279601285,0.296222783942635,NA,0.687822905654331,0.936738692094679,NA,6.90065559342353,4.69041575982343,3.89633703695301,0,1.73259232729683,10,0,0.21051636579141,NA,1
"Iran","IRN",NA,2.96040426997674,2.08410920470706,3.07112526738585,NA,8.77067913454564,9.51438470161644,NA,4.41588043316391,7.27374731483023,5.34102870224818,2.74065116186289,0,10,10,8.99172196132572,NA,4
"Iraq","IRQ",NA,3.18435085116381,9.82656324366696,4.16503508896488,NA,10,10,NA,6.90065559342353,9.40212741883453,7.81036461670414,2.50692729821131,5.74635866429225,10,10,10,NA,4
"Iceland","ISL",NA,0.376405526000277,5.86950565376967,0.46910208082577,NA,0.499735793921385,1.48343103053384,NA,4.64004310324806,5.81868910126179,4.68975525047905,1.36194992322504,7.19599638531635,10,0,0.192474915167839,NA,2
"Israel","ISR",NA,4.77764356435444,5.85639176429115,5.05477052621151,NA,8.37930581596392,10,NA,6.90065559342353,6.73795221116921,5.59722934978931,0,5.47893801078994,10,0,8.37930581596392,NA,2
"Italy","ITA",NA,3.20917986938901,6.01447957392205,3.09744264680727,NA,4.32456156992721,7.93492047615872,NA,6.90065559342353,5.25357021462548,4.36415048295186,0,5.68068383696318,10,0,3.85224033265012,NA,1
"Jamaica","JAM",NA,3.24816902613727,7.58322344027754,1.74267888495466,NA,5.6605635938012,6.79386347086455,NA,7.01488213932146,7.6531972777022,7.58432815366239,3.47480049205492,9.11492433042348,10,3.4554065772797,5.11876290216124,NA,3
"Jordan","JOR",NA,4.05126880180943,6.06378076847299,1.75238070501526,NA,5.80155609853954,4.79372272342898,NA,10,7.46993975879324,7.46993975879324,0,8.49726370267848,1.2,8.17824027749984,4.7271769009458,NA,3
"Japan","JPN",NA,0.958262363864042,5.90233229647601,2.5014492084095,NA,2.27273460501495,8.09233871623754,NA,1.42745194231506,2.20389266007736,1.70645889558545,1.84701439508831,5.56430232371259,0,10,2.38196533670166,NA,1
"Kazakhstan","KAZ",NA,2.19322962817045,7.67845606728273,1.92170348913879,NA,6.18843457139448,8.1200569393454,NA,4.92761895558377,6.46970964241384,5.37362513390364,2.4663817618457,3.90753900041137,10,0,6.05660194399128,NA,1
"Kenya","KEN",NA,0.825340724657987,4.91839411885488,8.35933062388817,NA,9.50406173439769,9.87297187025207,NA,1.03141142315253,3.30223589477824,2.17344526456006,7.25106245,7.26998000675691,10,10,9.56500714595277,NA,5
"Kyrgyzstan","KGZ",NA,1.01843398911031,7.91109036505238,2.05414016382977,NA,9.30990204209091,9.30990204209091,NA,2.21133443874959,3.1396087108337,3.02571059032805,3.19881685801003,8.02201473760061,8.36660026534076,10,8.66742760333285,NA,4
"Cambodia","KHM",NA,0.0969640266095746,8.82901753453313,2.03016001317147,NA,8.89153611250165,9.58393717904348,NA,0.113389341902748,6.63324958071079,0.835750169680465,5.39482139183037,9.76650476806392,5.47722557505166,10,8.91270658641907,NA,3
"Kiribati","KIR",NA,NA,1.46153846153846,1,NA,1.20894104965398,1.20894104965398,NA,NA,NA,NA,NA,3.82300727378128,10,0,0,NA,1
"Saint Kitts and Nevis","KNA",NA,0.0258198889747319,10,0.550888613994947,NA,1.29299157305672,1.29299157305672,NA,0.000666666666667481,0.0764198926982179,0.0764198926982179,4.88210176980187,6.39535478701396,10,2.06790741111334,0.167182720799568,NA,1
"Korea Republic of","KOR",NA,1.45480641391406,2.43972740266807,3.47146276075151,NA,1.72161969489286,4.40150194515683,NA,7.19009950308042,8.50744046172975,8.47944544358911,2.19937110359534,0.990647563410435,10,0,2.23341736724269,NA,2
"Kuwait","KWT",NA,3.56331251930746,3.30319150455265,2.17963160742749,NA,7.09935767510761,8.55374924659169,NA,6.90065559342353,6.91375440697744,5.74326855863144,0.978770501852969,0,10,0,7.53261189265895,NA,2
"Lao PDR","LAO",NA,0.104893816562503,4.30589283956185,1.7797963298532,NA,7.77115405387102,8.34236190358689,NA,0.138013111868494,5.06152621439892,0.861690513962232,5.12717137569139,6.02177510650062,4.69041575982343,5.33653525448603,7.50358437854874,NA,1
"Lebanon","LBN",NA,2.92147217487074,6.52294267545939,2.48735602191785,NA,7.67681581279471,6.98287701203703,NA,4.87950036474266,7.3348483283569,5.12364245067076,5.80793056228016,10,9.2,3.22860382896405,6.4150244702291,NA,3
"Liberia","LBR",NA,0.220021999736594,2.12381072771678,2.04716939737349,NA,9.33844095479787,9.53187101142692,NA,2.68354423060831,5.7652489311473,4.32794855903418,2.36417033773862,9.78754372503937,0,5.04302581548929,9.31514758961977,NA,2
"Libya","LBY",NA,4.36093372637666,10,1.60800780774854,NA,9.0424924152574,8.17666690799876,NA,3.16227766016838,9.41275730060007,5.29318241411458,2.22042276040793,10,10,0,8.17666690799876,NA,4
"Saint Lucia","LCA",NA,0.0258198889747319,10,1.00193183890515,NA,3.1714456008731,3.1714456008731,NA,0.000666666666667481,0.0680196050170267,0.0680196050170267,NA,10,10,2.06790741111334,1.00580671992973,NA,2
"Liechtenstein","LIE",NA,0.177780501239554,NA,1,NA,1,1,NA,1.4984,2.81807026172166,2.81807026172166,NA,NA,NA,NA,0,NA,0
"Sri Lanka","LKA",NA,0.565614728541064,3.96699368208308,2.0141006138667,NA,7.46828373356221,7.05319455733056,NA,1.28607931326182,8.4970583144992,3.04721063298065,4.45278018189023,5.04087819384714,10,2.52151290774465,8.38400668916173,NA,3
"Lesotho","LSO",NA,3.40685873720877,7.15475366122891,2.77452763352521,NA,8.90851638142447,8.89449594078419,NA,6.90065559342353,8.92188320927819,7.41142486460271,10,8.05375576490489,8.36660026534076,10,9.44592977030791,NA,6
"Lithuania","LTU",NA,1.10186494373608,5.58317957130215,1.17173161495564,NA,4.44649956891338,8.38870492807861,NA,5.280872943711,5.34522483824848,3.98027873786912,2.57151650613631,3.00093793968213,10,0,4.07254333042655,NA,1
"Luxembourg","LUX",NA,0.489702538787236,7.24077988767653,0.576967297490148,NA,1.26710085219056,1.60554456962205,NA,3.16227766016838,7.23878442834154,4.07066762820085,0,0,0,0,0,NA,1
"Latvia","LVA",NA,1.22184563098585,8.56264182480655,1.18927388123095,NA,4.7535079878034,8.38870492807861,NA,7.96819072889594,3.67747325263005,3.3637524931291,1.37573511854182,5.47893801078994,10,0,4.35373195292784,NA,1
"Morocco","MAR",NA,3.47051350004683,5.73150534739045,3.51446331238174,NA,6.63684791613029,6.97835144597737,NA,8.45154254728515,7.2525857457875,6.6674668202189,1.1705406878278,6.48534832758675,10,4.09579080781802,6.83783414788557,NA,2
"Moldova Republic of","MDA",NA,2.67621111903312,7.39423992052428,1.14468767127012,NA,3.70875923019927,3.70875923019927,NA,4.87950036474266,7.36206492772238,5.14265417628924,0,5.99223220248612,4.89897948556636,0,1.71052631578947,NA,1
"Madagascar","MDG",NA,0.831172943327443,5.91985797708059,6.56749330873413,NA,7.77285928804173,7.99891563675982,NA,1.31330190922038,5.3363086938623,2.80241778062049,7.52464862597021,8.1095056589395,6.03324125159934,5.02968447735308,7.68175165640222,NA,3
"Maldives","MDV",NA,2.26780871068296,4.75271369772873,3.82868298120999,NA,8.30804243029422,10,NA,10,8.50881895447306,8.50881895447306,2.10977627331644,6.36595070120766,10,0.026682676272431,8.30804243029422,NA,3
"Mexico","MEX",NA,3.47587023549541,2.64382968861732,2.80020755054028,NA,7.36295333160132,8.94515849095093,NA,4.87950036474266,4.97995983919549,3.47867229048121,3.25829697810578,4.46838161034563,10,10,7.78498944161523,NA,3
"Marshall Islands","MHL",NA,NA,1.84615384615384,0.355762672605408,NA,0.810427434350815,0.810427434350815,NA,NA,NA,NA,NA,4.29668924423659,3.2,0.213461410179441,0.355762672605408,NA,0
"North Macedonia","MKD",NA,2.47777359338634,7.00138808553046,1.33512440911938,NA,4.43280101036451,4.43280101036451,NA,10,7.86129760281342,7.86129760281342,2.97380977608324,4.05214484048208,9.2,0,2.37993561211819,NA,2
"Mali","MLI",NA,1.42107680227689,4.61035025132403,10,NA,9.91344448595887,9.82763815761883,NA,8.16496580927726,9.05538513813742,8.18246415427978,6.76945668135096,9.82763815761882,8.36660026534076,6.60396237742646,10,NA,4
"Malta","MLT",NA,2.23233386351737,7.15673890417983,1.39136883631101,NA,4.30153549657895,6.10605851734848,NA,10,8.08702664766229,8.08702664766229,0,6.42342612136045,10,0,3.8197313941796,NA,2
"Myanmar","MMR",NA,3.34009906578231,5.26245319363041,1.88542265013058,NA,7.99185307814015,6.59753106431028,NA,10,7.29383301152419,7.29383301152419,8.41506964493976,6.11055723323081,2.68328157299975,10,7.41959955353983,NA,4
"Montenegro","MNE",NA,4.90538553276286,9.41902880173836,1.87569570149657,NA,6.48749120134602,10,NA,10,7.2525857457875,7.2525857457875,1.80643685262925,9.64666581523607,10,0,6.48749120134602,NA,3
"Mongolia","MNG",NA,0.142455192072281,6.00644862160693,3.70751509901091,NA,6.98573566609361,8.28214247461149,NA,0.29664793948384,6.40312423743285,1.10284022046883,4.7074702911837,6.66328885231586,10,0,7.67610310786397,NA,2
"Mozambique","MOZ",NA,1.93876702552061,1.88042376762801,2.99430993395815,NA,8.60092280587901,7.93201377101844,NA,4.30331482911934,8.07327552965819,6.00514598224057,10,7.68158010081424,10,10,9.39405680260421,NA,6
"Mauritania","MRT",NA,1.07051401446847,9.44352273163559,4.25270143685104,NA,9.47186951223134,10,NA,3.01172312646368,8.99735410842435,5.05960933026862,10,0,10,10,9.47186951223134,NA,5
"Mauritius","MUS",NA,0.266647783784363,6.74546877732456,4.98818383073005,NA,4.81485626268039,8.6066296582387,NA,1.42197046382827,8.37854402626136,3.15946714749093,3.74541211748513,7.6017179849493,10,10,4.46683473448539,NA,4
"Malawi","MWI",NA,0.480342482431,2.03700204652173,3.16227766016838,NA,8.3877686496239,8.51502787267426,NA,0.597614304667193,6.32455532033674,2.24052675931452,10,7.4408007304126,10,10,9.08978071656172,NA,5
"Malaysia","MYS",NA,1.83080136540777,7.04840782604213,2.56448770918512,NA,6.30729439011626,9.12074262736012,NA,9.75900072948531,3.9496835316263,3.90179973063676,2.55468749655886,4.2914850106042,10,2.73497431792409,6.60431838092287,NA,1
"Namibia","NAM",NA,2.09721653465192,2.23892798843392,1.95054397015586,NA,5.39773670519905,5.37008389143801,NA,3.10248287666508,8.13773629457234,4.62007382965421,3.71034977773852,4.20734860359317,10,6.24374624774865,5.8447203954665,NA,2
"Niger","NER",NA,0.1087892885778,5.99430581051323,3.39807215610019,NA,9.0270596682248,8.26602926746073,NA,0.151185789203682,8.48528137423855,1.06909520922125,10,0,2.89827534923789,9.52571542925756,8.53213285146665,NA,4
"Nigeria","NGA",NA,0.60314534009511,6.14385239968244,5.03212219604215,NA,9.43248418709629,8.89717579398216,NA,0.80118959173516,5.53774924194537,2.27148871244707,4.96538703587162,7.39285990609992,10,10,10,NA,4
"Nicaragua","NIC",NA,0.862493214687857,1.48097562378013,1.87816518777328,NA,6.44986661578776,5.77902452213294,NA,1.21184628916848,3.57903950935496,2.55337679078636,1.56702328508496,7.48927493086048,7.48331477354788,2.58821959842572,5.88726058044883,NA,2
"Netherlands","NLD",NA,3.3937187817568,7.68089187485071,0.392513335169507,NA,1.11410778254382,1.24123615112472,NA,6.90065559342353,0,0,0,4.82333290761804,10,0,0,NA,1
"Norway","NOR",NA,0.456402675118824,0,1,NA,1.68849066446705,2.85100072399239,NA,6.55622849737776,3.20713490294909,2.66096350541829,0,2.81601779515669,10,0,0,NA,1
"Nepal","NPL",NA,2.61264694937589,4.75073416249394,1.77541782010349,NA,7.35417185083934,6.68931749933908,NA,6.52146638491096,7.89555419207544,6.74683891660965,5.5896161191539,5.49755338700568,2.89827534923789,4.20252151290775,8.47747676452989,NA,2
"Nauru","NRU",NA,NA,1.97435897435897,0.844169080927635,NA,1.29100457040471,1.29100457040471,NA,NA,NA,NA,NA,4.40570179463686,10,0,0.844169080927635,NA,1
"New Zealand","NZL",NA,0.158742094564982,0,1.35415882658172,NA,2.06935405516292,4.28222620561921,NA,1.22474487139159,5.65685424949238,1.97969280153591,1.95295943246765,6.30673126802264,0,0,0,NA,0
"Oman","OMN",NA,4.95840601339784,3.60892640404512,1.91490623204152,NA,5.17842234766114,6.12643786861124,NA,6.90065559342353,7.3348483283569,6.09307205706765,0.217773578402831,4.07347996830652,10,0,5.97204277651744,NA,2
"Pakistan","PAK",NA,0.44490623852145,4.25673140939767,10,NA,8.05739283645605,6.83130051063973,NA,1.0340127610127,2.71612932139949,2.67108368475936,4.4539070999988,5.3914902953407,10,10,9.74861328563749,NA,3
"Panama","PAN",NA,4.38845848283219,5.95360800970453,2.60192901668319,NA,6.15687239784438,7.76441523022854,NA,8.45154254728515,7.2525857457875,6.6674668202189,3.07922124701936,5.60074995523713,10,1.34747515175772,5.56622906310062,NA,2
"Peru","PER",NA,4.10169582702079,6.96470025538166,2.31633897196441,NA,5.77682131415819,5.77350269189626,NA,6.90065559342353,6.44980619863884,5.35786592484749,3.09592228010073,5.82741144957404,10,3.66886798745914,4.38943498413013,NA,1
"Philippines","PHL",NA,2.94134855263186,6.50139650880964,1.86376224974689,NA,8.43608568653542,8.99966222528256,NA,7.19424373072963,5.69755035080867,5.6771658346105,4.77121686731279,6.98009440662577,10,10,8.38400668916173,NA,3
"Palau","PLW",NA,NA,10,1.04837404266197,NA,3.23786047052983,3.23786047052983,NA,NA,NA,NA,NA,9.48979900620853,10,1.5075712093923,1.04837404266197,NA,2
"Papua New Guinea","PNG",NA,0.465863446311861,6.20367846861891,3.7124086188157,NA,6.67477711960683,5.51045929218964,NA,0.755928946018453,7.76438756668638,2.52587416638196,4.55025777456376,0,10,1.7743979721166,5.48504915213661,NA,2
"Poland","POL",NA,1.48744875557303,4.76277755458877,2.03232138707474,NA,5.61293939648648,8.91143936626963,NA,2.60905018294835,2.88933902475982,2.76014973039674,1.51559960572823,0,10,0,5.36717657266276,NA,1
"Korea DPR","PRK",NA,NA,NA,10,NA,10,10,NA,NA,NA,NA,NA,NA,NA,10,10,NA,2
"Portugal","PRT",NA,4.22013776896587,8.66589694109492,0.866388391537939,NA,1.92091471462464,2.73976065558964,NA,6.90065559342353,4.40454310910905,3.65886209787164,0,6.54039260745578,10,0,1.00545906897435,NA,1
"Paraguay","PRY",NA,3.09648926189236,0.788958727915465,2.76976823343738,NA,6.88361545576067,8.73355138004314,NA,6.90065559342353,8.28251169633946,6.88029776760319,3.86517549838274,0,10,0,6.6489125295088,NA,2
"Qatar","QAT",NA,1.23294120473637,3.5814563247447,1.97107451487127,NA,5.16542836831431,7.20404556161028,NA,4.87950036474266,7.58946638440411,5.30150187219789,0,0,10,0,5.36717657266276,NA,2
"Romania","ROU",NA,2.54030507415644,9.12164834128362,2.12286198295351,NA,5.7118306848789,7.4535599249993,NA,3.16227766016838,6.95701085237044,3.91221470208563,2.2815113350176,4.41726104299386,10,0,4.93125202554775,NA,1
"Russian Federation","RUS",NA,1.85912972910443,7.40775061494465,6.77671223905414,NA,7.89630250943491,9.0333771786297,NA,2.92602118926026,6.63374886470689,3.87811151371357,2.57883432558436,2.82155299309056,10,2.57487826028951,8.30804243029422,NA,2
"Rwanda","RWA",NA,0.725530496736851,8.03866363690945,0.314311987264681,NA,8.15929219020663,7.72587729659962,NA,1.91186769815227,8.25775249026488,3.69986117560785,8.19593035452066,8.62644175745452,8.36660026534076,6.23040490961244,7.57936728959867,NA,5
"Saudi Arabia","SAU",NA,2.61235283506338,3.50785306565811,1.85844968373086,NA,6.59603558740005,7.30307577536306,NA,5.46743606664559,5.43796180304978,4.75764493377898,2.50162673674792,4.58752180601823,10,0,6.47477982928126,NA,1
"Sudan","SDN",NA,0.45282208045,3.55737350158149,10,NA,9.97975626041489,9.95955350172901,NA,2.44300101683441,6.45865974597559,4.62608786205682,9.20285294734634,4.56546771261668,10,9.93929691148022,10,NA,4
"Senegal","SEN",NA,0.993023328919553,3.35913814944779,2.68038878634981,NA,8.02684020276247,9.41414826252479,NA,1.94593593591019,5.52914356581817,3.53453090360565,4.83952171176841,9.41414826252479,8.36660026534076,5.10973250617037,8.27283000623467,NA,3
"Singapore","SGP",NA,0.306338255313065,0,0.815284202992932,NA,1.2686717196156,1.6095279321524,NA,2.01163283594861,2.31968799215592,2.13220313507974,0,1.9121012619285,0,0,0,NA,0
"Solomon Islands","SLB",NA,4.76190476190474,5.23792873528243,3.26498998625441,NA,8.53801857934945,9.62250448649377,NA,4.76190476190474,6.85218074428723,6.85218074428723,2.0860940923925,8.7919458281232,8.36660026534076,2.18797945433927,8.3753151271601,NA,3
"Sierra Leone","SLE",NA,1.50193390973262,8.539559998792,0.394662544751908,NA,8.94010109552365,9.67337551188312,NA,5.68595371988392,7.97496081495075,6.01354019346855,NA,0,10,4.97631912480822,9.08978071656172,NA,3
"El Salvador","SLV",NA,2.27004315517648,8.90569403170938,1.73290541061363,NA,6.32265892773258,6.41777120388197,NA,4.93891254658928,6.07100838882164,5.04824610537172,4.79756660373401,7.73376739918477,10,2.22800346874792,5.2615824526916,NA,2
"Somalia","SOM",NA,0.597222863479964,5.43589743589744,10,NA,8.58653240928461,7.37285388156949,NA,7.02622015786244,9.75900072948531,8.38225516067272,10,7.37285388156949,NA,10,10,NA,5
"Serbia","SRB",NA,1.23774644536387,6.59730485022012,2.76375476594605,NA,6.76401203365501,8.16583808809063,NA,1.49879951961562,2.81997446796952,2.3034214333116,3.24468363822411,5.90490866251115,10,0,6.94598091749649,NA,1
"South Sudan","SSD",NA,0.18281300876219,7.54657081084319,10,NA,9.59545680291137,9.2072791256538,NA,6.62993544131794,9.59166304662542,8.00282302460396,0.0146842878120417,0,10,10,10,NA,4
"Sao Tome and Principe","STP",NA,0.167239440599677,8.87231360570335,2.77152712632279,NA,6.39007280156973,6.38284738504226,NA,1.1734,3.42549266529648,3.42549266529648,NA,6.12563891831689,7.34846922834953,0.0533653525448603,5.1052032415149,NA,1
"Suriname","SUR",NA,2.62335876590031,8.50419005195725,3.27096690631089,NA,8.0482812200337,9.86570496781227,NA,4.79170910954287,8.03808310482045,5.6660789823243,3.98088406992786,0,0,0,8.10287391340663,NA,2
"Slovakia","SVK",NA,1.6942606364718,7.56197545156629,0.327434016264498,NA,1.75534556440861,1.75534556440861,NA,6.02767427312201,5.61884583979917,5.16161992858824,1.34882395011393,3.56535987289301,10,0,0.327434016264498,NA,1
"Slovenia","SVN",NA,2.75646599115779,8.05266094263813,0.581247925998465,NA,0.556272365555611,1.83806733140415,NA,7.97567731113968,2.23318964711911,2.11338101019154,0.726015622307215,4.41726104299386,10,0,0.238488912799321,NA,1
"Sweden","SWE",NA,1.93560056069591,0,0.281817379736002,NA,0.913533043895596,0.834542622289152,NA,4.87950036474266,0,0,1.43014387971181,4.79933607762282,10,0,0,NA,1
"Eswatini","SWZ",NA,2.29240872081389,2.83113075860969,2.58053783967053,NA,8.35838368981901,8.64089779366561,NA,5.0678256819722,6.47770422294813,6.27914674185464,6.34948012631285,3.41142215282425,10,3.68220932559536,8.82363757099302,NA,2
"Seychelles","SYC",NA,0.369828189845544,9.08617610542033,4.68992201806358,NA,5.87578535760275,8.61593690827479,NA,3.4505398570541,7.37757219067162,5.12768112412933,NA,9.52925780013262,10,0,5.4540256702242,NA,3
"Syria","SYR",NA,0.991819142461123,NA,1.88662707793821,NA,6.66666666666667,4.44444444444444,NA,1.39300975964858,4.87950036474266,3.73230459588788,6.4438973873466,NA,NA,10,6.66666666666667,NA,1
"Chad","TCD",NA,1.34252994416766,3.66183344440634,5.03752583820995,NA,9.87458798513567,9.75074878761857,NA,9.75900072948531,9.07744457432817,8.96739460551162,10,0,10,9.07210993262624,10,NA,5
"Togo","TGO",NA,1.55377472577214,4.92587754206403,2.12669831204199,NA,8.85249835475651,7.83667271209667,NA,9.75227733858769,8.6542876202999,8.55231430896969,7.07411190113818,8.75378978255404,10,2.98845974251217,8.38870492807861,NA,5
"Thailand","THA",NA,0.208944225787205,5.97140251338409,4.02640901380218,NA,7.8702375850822,9.81306762925316,NA,6.35317336386968,0,0,2.66107678878522,5.54700196225229,10,3.76225735441265,7.79633045632283,NA,2
"Tajikistan","TJK",NA,0.799867661857563,8.07018192164849,2.5609894219227,NA,8.21962684940544,9.62250448649377,NA,2.30021853114118,4.23702501200794,4.16457053305674,5.84644430459409,7.84464540552736,9.2736184954957,5.32319391634981,8.06299078078161,NA,3
"Turkmenistan","TKM",NA,1,6.55385913555226,2.17964039409522,NA,9.53214232520159,9.81306762925316,NA,1,0,2.76405499221705,3.5442050528746,0,4,0,9.44262872887553,NA,1
"Timor-Leste","TLS",NA,0.363533040145778,7.79240973541151,3.74279010191293,NA,8.89755482889923,9.7916438180621,NA,0.0796819072890081,9.15475416434125,0.837377324832283,8.52989686588214,5.3311456284305,5.47722557505166,1.97451804415983,8.99172196132572,NA,3
"Tonga","TON",NA,NA,3.10343869215737,0.345603925883127,NA,1.82445226096085,1.82445226096085,NA,NA,NA,NA,NA,9.81393484591142,10,3.80228136882129,0.345603925883127,NA,2
"Trinidad and Tobago","TTO",NA,5.83967527618836,5.11520665827077,2.13641695101812,NA,5.15104669860876,5.62884627221479,NA,10,8.17312669668102,8.17312669668102,2.10111185776259,1.26688637511958,10,1.34747515175772,4.94388009238455,NA,2
"Tunisia","TUN",NA,6.20142505322232,6.14220979088227,4.5470906320746,NA,8.03631286167058,9.83638479485314,NA,9.20022688217886,8.31521840620298,8.17273804576034,2.20546650689843,6.92267381291339,10,1.80108064838903,8.10287391340663,NA,3
"Turkey","TUR",NA,2.18404878281491,5.14107421635918,3.63860133901313,NA,7.67337075056944,7.79546219086661,NA,2.27288693491973,4.26431387993771,2.82852647343408,1.40390047810888,3.20331405819111,10,10,8.69090990021281,NA,3
"Tuvalu","TUV",NA,NA,7.48717948717949,1,NA,2.73627109168289,2.73627109168289,NA,NA,NA,NA,NA,6.31618275718171,10,0.0533653525448603,0,NA,1
"Tanzania","TZA",NA,0.0536492304000146,3.98260469204278,2.34972789490331,NA,7.95489903360172,8.57936444952544,NA,0.0258198889747319,0.0669328021227669,0.416544900233094,4.33606041535557,7.33632425640843,10,5.68341004602762,7.92664026887769,NA,3
"Uganda","UGA",NA,1.86533246191982,1.49915643224651,7.70807081029076,NA,8.78903304973545,8.12823983198301,NA,7.66490528555227,6.99659781267873,6.27675180071179,6.34990560100692,7.23251145885959,5.47722557505166,10,9.74861328563749,NA,3
"Ukraine","UKR",NA,2.88474516245426,7.43660180648909,2.2321807362259,NA,8.34612848935442,9.62250448649377,NA,3.16227766016838,8,4.49873060152279,2.85090299981239,7.0111142000722,10,0,8.18708176147329,NA,4
"Uruguay","URY",NA,2.07115408774443,3.60200906127633,1.36109819905131,NA,3.53495247701561,4.6390987967292,NA,6.34791891934083,6.40312423743284,6.03631134029851,3.57773283473757,5.17400425187803,10,0,2.99644383316997,NA,1
"United States of America","USA",NA,3.6541955544944,6.82275659099372,0.415832767383499,NA,1.41263793892971,1.3087068765442,NA,4.87950036474266,0,0,0.603445315402627,4.13479502502726,10,10,0.513485733864485,NA,2
"Uzbekistan","UZB",NA,1.10232400708593,4.70440797833204,4.132767633351,NA,8.15919183389747,9.98586170735089,NA,2.93046396456585,5.07469723234796,4.57422263417514,4.13652738962895,6.02452495592269,5.47722557505166,0,8.16496580927726,NA,1
"Saint Vincent and the Grenadines","VCT",NA,0.136122210334174,5.33668863934357,0.938349753531811,NA,2.21528946385326,2.21528946385326,NA,0.515000000000001,1.95217827054806,1.95217827054806,6.31322426275099,7.41213329331068,10,1.46754719498366,0.82621720191179,NA,2
"Venezuela","VEN",NA,2.55897494343305,1,0.551704247418101,NA,4.68918600512959,2.35769857041,NA,5.64708099902274,7.93409856253374,7.28577802234008,7.12163628313622,0,NA,2.26802748315656,7.20015093016602,NA,3
"Viet Nam","VNM",NA,0.3860207427901,4.48920614223541,1.79692234445895,NA,6.48360740060538,8.00978412763657,NA,0.0925820099772841,5.46416899968721,0.622087455029474,2.94276494522378,4.99596858822497,10,10,6.97098945521831,NA,2
"Vanuatu","VUT",NA,9.52380952380948,6.46153846153846,0.629934042227397,NA,2.017509118216,2.017509118216,NA,9.52380952380948,9.14434511701342,9.14434511701342,0,8.038369524685,8.36660026534076,2.52151290774465,0.629934042227397,NA,3
"Samoa","WSM",NA,NA,7.74358974358975,1.49576009596198,NA,5.54876405361242,5.86651126445304,NA,NA,NA,NA,0,8.79976689667956,10,1.93449402975119,4.829643166186,NA,2
"Yemen","YEM",NA,0.439254479611403,7.1072371926664,10,NA,10,10,NA,0.899735410842435,6.90065559342353,2.99955898565512,4.41997063142438,8.70616869572081,8.4,8.53845640717764,10,NA,4
"South Africa","ZAF",NA,3.38325781012882,6.23961826253175,2.26737155004389,NA,6.39483411940437,6.66594263754041,NA,6.79548169216659,4.65985898008573,4.54513633944972,4.35782726416992,4.17771649851302,10,3.13521446201054,5.77976160176519,NA,1
"Zambia","ZMB",NA,1.48503275319713,2.9077556419089,2.44096357244328,NA,8.08163832334158,7.9048204261732,NA,2.43665487507603,7.00299867604688,4.48628680181372,8.6993916509335,5.50521869909877,10,4.40264158495097,7.52131654932176,NA,4
"Zimbabwe","ZWE",NA,0.470721064207692,1.87768660926346,10,NA,9.02022419282738,8.13644444888683,NA,1.24365054041184,5.50324579550234,2.81240420939439,10,7.39260322461753,10,10,10,NA,5
