"","Countryname","Country","EMERGING_RISK_COVID_RESPONSE_CAPACITY_AV","EMERGING_RISK_MACROECONOMIC_EXPOSURE_TO_COVID_AV","EMERGING_RISK_FRAGILITY_INSTITUTIONS_AV","EMERGING_RISK_FRAGILITY_INSTITUTIONS_MULTIDIMENSIONAL_SQ","EMERGING_RISK_COVID_RESPONSE_CAPACITY_SQ_ALT","EMERGING_RISK_COVID_RESPONSE_CAPACITY_SQ","EMERGING_RISK_COVID_RESPONSE_CAPACITY_SQ_SQ","EMERGING_RISK_FOOD_SECURITY_SQ","EMERGING_RISK_MACROECONOMIC_EXPOSURE_TO_COVID_SQ","EMERGING_RISK_FISCAL_SQ","EMERGING_RISK_NATURAL_HAZARDS_SQ","EMERGING_RISK_FRAGILITY_INSTITUTIONS_SQ","TOTAL_EMERGING_COMPOUND_RISK_SCORE_SQ","EXISTING_RISK_COVID_RESPONSE_CAPACITY","EXISTING_RISK_FOOD_SECURITY","EXISTING_RISK_MACROECONOMIC_EXPOSURE_TO_COVID","EXISTING_RISK_FISCAL","EXISTING_RISK_SOCIOECONOMIC_VULNERABILITY","EXISTING_RISK_NATURAL_HAZARDS","EXISTING_RISK_FRAGILITY_INSTITUTIONS","TOTAL_EXISTING_COMPOUND_RISK_SCORE","TOTAL_EXISTING_COMPOUND_RISK_SCORE_INCMEDIUM","EMERGING_RISK_COVID_RESPONSE_CAPACITY","EMERGING_RISK_FOOD_SECURITY","EMERGING_RISK_FISCAL","EMERGING_RISK_MACROECONOMIC_EXPOSURE_TO_COVID","EMERGING_RISK_NATURAL_HAZARDS","EMERGING_RISK_FRAGILITY_INSTITUTIONS","TOTAL_EMERGING_COMPOUND_RISK_SCORE","TOTAL_EMERGING_COMPOUND_RISK_SCORE_INCMEDIUM","EMERGING_RISK_FRAGILITY_INSTITUTIONS_MULTIDIMENSIONAL","RELIABILITY_SCORE_EXISTING_RISK","RELIABILITY_SCORE_EMERGING_RISK"
"1","Libya","LBY",4.36093372637666,10,1.60800780774854,9.0424924152574,3.16227766016838,9.41275730060007,5.29318241411458,2.22042276040793,10,10,0,8.17666690799876,4,8.86,3.42105263157895,10,NA,4.375,9,10,2,2,10,1.44115796098175,10,10,0,6.6857881724362,3,3,8.17666690799876,0.1,0.2
"2","Sudan","SDN",0.45282208045,3.55737350158149,10,9.97975626041489,2.44300101683441,6.45865974597559,4.62608786205682,9.20285294734634,4.56546771261668,10,9.93929691148022,10,4,8.76,10,2.10131332082551,NA,8.125,6.875,10,2,3.5,4.76190476190474,9.20285294734634,10,9.91927059538026,9.93929691148022,10,2,3.5,9.95955350172901,0.1,0.2
"3","Afghanistan","AFG",0.529132674414134,8.50222714917156,10,10,1.53185513570936,4.2063302749862,3.39855671178937,10,10,10,10,10,5,7.54,10,10,10,6.45833333333333,9.75,10,4,4,2.34658015679913,10,10,10,10,10,5,5,10,0,0.1
"4","Mozambique","MOZ",1.93876702552061,1.88042376762801,2.99430993395815,8.60092280587901,4.30331482911934,8.07327552965819,6.00514598224057,10,7.68158010081424,10,10,9.39405680260421,6,8.38,10,8.87429643527204,10,5.20833333333333,6.875,9.32624113475177,2,3,7.77777777777778,10,10,6.64916630581503,10,9.46236559139785,3,4,7.93201377101844,0,0.1
"5","Niger","NER",0.1087892885778,5.99430581051323,3.39807215610019,9.0270596682248,0.151185789203682,8.48528137423855,1.06909520922125,10,0,2.89827534923789,9.52571542925756,8.53213285146665,4,7.56,10,0,7,6.45833333333333,7.875,9.85815602836879,1,3,9.52380952380948,10,1.2,9.25282496404618,9.52571542925756,7.38447340309769,1,3,8.26602926746073,0,0.1
"6","Algeria","DZA",0.771594795940081,5.45193808142865,2.8797190127298,7.82434731774522,1.64765345408611,4.70055721114402,3.91027160871456,1.4265073118426,4.45155148798075,10,3.12187312387432,8.27283000623467,2,9.28,2.96650717703349,2.4765478424015,NA,0,4.875,6.84397163120567,0,0.5,2.38095238095237,0.685966016362492,10,8.00158604282316,3.12187312387432,10,2,2.5,8.94515849095093,0.1,0.2
"7","Ethiopia","ETH",0.887612446332449,7.00613669596611,10,9.92882471814706,1.06037729134492,2.57127828132235,2.49700189689719,10,6.43920916216785,10,10,9.92882471814706,4,5.88,10,4.14634146341463,10,3.54166666666667,5.875,9.85815602836879,2,2,1.1244,10,10,10,10,10,5,5,10,0,0.1
"8","Iraq","IRQ",3.18435085116381,9.82656324366696,4.16503508896488,10,6.90065559342353,9.40212741883453,7.81036461670414,2.50692729821131,5.74635866429225,10,10,10,4,8.84,5.90909090909091,3.30206378986867,NA,10,8.25,10,2,2,10,1.06356198867212,10,10,10,10,5,5,10,0.1,0.3
"9","South Sudan","SSD",0.18281300876219,7.54657081084319,10,9.59545680291137,6.62993544131794,9.59166304662542,8.00282302460396,0.0146842878120417,0,10,10,10,4,9.66,10,0,10,8.125,6.75,10,3,4,9.52380952380948,0.0146842878120417,10,8.47739888977002,10,10,3,4,9.2072791256538,0,0.1
"10","Central African Republic","CAF",0.950602299081753,1.32459330218816,10,9.84226416717799,1.6887022824652,7.81024967590664,3.79756731240578,NA,7.07107754916866,10,7.07090921219399,10,5,8.54,10,5.32833020637899,10,10,6.375,10,4,5.5,7.14285714285711,NA,10,9.38382866108743,7.07090921219399,10,2,3.5,9.68701639365158,0,0.2
"11","Chad","TCD",1.34252994416766,3.66183344440634,5.03752583820995,9.87458798513567,9.75900072948531,9.07744457432817,8.96739460551162,10,0,10,9.07210993262624,10,5,8.24,10,0,10,6.04166666666667,5.875,10,3,4,10,10,10,9.50771019192449,9.07210993262624,10,4,5,9.75074878761857,0,0.1
"12","Croatia","HRV",3.12832875052967,0,1.55905225820602,5.77893847952745,4.82167724226449,5.71078768647548,4.01302902919521,3.22634984234962,7.03782330326856,10,10,5.14777267724601,3,3.34,1.2200956937799,4.953095684803,NA,8.125,2.375,4.20875420875421,0,1,9.7644,8.53157121879589,10,10,10,6.2962962962963,3,4,7.93492047615872,0.1,0.2
"13","Lebanon","LBN",2.92147217487074,6.52294267545939,2.48735602191785,7.67681581279471,4.87950036474266,7.3348483283569,5.12364245067076,5.80793056228016,10,9.2,3.22860382896405,6.4150244702291,3,5.38,3.37320574162679,10,NA,10,4.625,8.43971631205673,2,2.5,10,10,9.2,10,3.22860382896405,4.87605713652352,3,3.5,6.98287701203703,0.1,0.3
"14","Maldives","MDV",2.26780871068296,4.75271369772873,3.82868298120999,8.30804243029422,10,8.50881895447306,8.50881895447306,2.10977627331644,6.36595070120766,10,0.026682676272431,8.30804243029422,3,7.24,2.91866028708134,4.05253283302063,10,3.95833333333333,1,6.9023569023569,1,1,10,1.52506817705056,10,10,0.026682676272431,10,4,4,10,0.1,0.3
"15","Mauritania","MRT",1.07051401446847,9.44352273163559,4.25270143685104,9.47186951223134,3.01172312646368,8.99735410842435,5.05960933026862,10,0,10,10,9.47186951223134,5,8.5,8.13397129186603,0,10,6.875,3.875,8.97163120567376,1,1.5,9.52380952380948,10,10,10,10,10,5,5.5,10,0,0.1
"16","Ukraine","UKR",2.88474516245426,7.43660180648909,2.2321807362259,8.34612848935442,3.16227766016838,8,4.49873060152279,2.85090299981239,7.0111142000722,10,0,8.18708176147329,4,6.4,2.29665071770335,4.9155722326454,NA,7.70833333333333,5.5,7.23905723905724,0,0.5,10,3.53891336270191,10,10,0,9.25925925925926,3,3.5,9.62250448649377,0.1,0.2
"17","Zimbabwe","ZWE",0.470721064207692,1.87768660926346,10,9.02022419282738,1.24365054041184,5.50324579550234,2.81240420939439,10,7.39260322461753,10,10,10,5,6.36,10,8.25515947467167,NA,4.375,3.5,10,2,2,4.76190476190474,10,10,6.62017282698213,10,10,4,4,8.13644444888683,0.1,0.1
"18","Belarus","BLR",1.52224947769606,6.69147916309425,5.45158849359947,7.0816498805162,2.02859557329695,5.34410778334419,3.75212650088998,2.49601334440127,4.73249815793558,10,0,7.48521000335503,2,6.94,1.02870813397129,2.79549718574109,NA,9.375,1,5.60283687943262,0,0.5,4.1152,6.0562198447661,10,8.01164777739755,0,10,2,2.5,8.95078084716498,0.1,0.3
"19","Brazil","BRA",3.6541955544944,4.87967231092493,1.184589912787,5.46237303401854,4.87950036474266,4.53872228716409,3.17045276756647,3.52484517395457,5.66414614878065,10,10,3.65433485696544,2,2.06,3.73205741626794,3.20825515947467,NA,1.875,7.75,6.66666666666666,0,0,10,3.32913782252989,10,10,10,2.00312448702489,4,4,4.47562787441593,0.1,0.1
"20","Cabo Verde","CPV",5.53633780085698,8.23619064310756,3.20910793178299,5.66489887975328,9.75900072948531,9.02219485491197,8.91281470344865,0.792098207390254,10,10,2.73497431792409,3.20910793178299,3,8.14,6.36363636363636,10,10,3.54166666666667,0.375,NA,2,2,10,0.0985945038808484,10,10,2.73497431792409,3.20910793178299,3,3,5.66489887975328,0.1,0.4
"21","Haiti","HTI",0.81119126705587,2.37608065240745,10,9.75079087326471,0.967815409397196,4.28174419288837,2.7298678818504,10,8.55968835956938,10,9.21886465212461,10,5,7.7,10,8.10506566604127,10,8.54166666666667,5.875,10,3,4,2.38095238095237,10,10,9.03981137622709,9.21886465212461,10,3,4,9.50779226541424,0,0.1
"22","Honduras","HND",3.41427110998413,7.3890896682792,10,8.48444550945062,8.45154254728515,9.20869154657707,8.46575931626798,4.96538703587162,8.44361054877812,5.47722557505166,4.64278567140284,8.48444550945062,3,8.48,6.14832535885167,7.12945590994371,3,6.45833333333333,4.875,7.19858156028369,0,0,10,4.96538703587162,10,10,4.64278567140284,10,4,4,10,0,0.1
"23","Peru","PER",4.10169582702079,6.96470025538166,2.31633897196441,5.77682131415819,6.90065559342353,6.44980619863884,5.35786592484749,3.09592228010073,5.82741144957404,10,3.66886798745914,4.38943498413013,1,4.16,6.65071770334928,3.39587242026266,NA,4.79166666666667,5.25,5.78014184397163,0,0,10,1.44115796098175,10,10,3.66886798745914,3.33333333333333,3,3,5.77350269189626,0.1,0.1
"24","Serbia","SRB",1.23774644536387,6.59730485022012,2.76375476594605,6.76401203365501,1.49879951961562,2.81997446796952,2.3034214333116,3.24468363822411,5.90490866251115,10,0,6.94598091749649,1,3.54,3.89952153110048,4.50281425891182,NA,6.45833333333333,2.75,5.60283687943262,0,1,2.2464,2.69981120201385,10,7.74358974358974,0,8.61111111111111,1,2,8.16583808809063,0.1,0.2
"25","Somalia","SOM",0.597222863479964,5.43589743589744,10,8.58653240928461,7.02622015786244,9.75900072948531,8.38225516067272,10,7.37285388156949,NA,10,10,5,10,10,10,10,10,9.875,10,6,6.5,9.52380952380948,10,NA,5.43589743589744,10,10,3,3.5,7.37285388156949,0,0.3
"26","Yemen","YEM",0.439254479611403,7.1072371926664,10,10,0.899735410842435,6.90065559342353,2.99955898565512,4.41997063142438,8.70616869572081,8.4,8.53845640717764,10,4,10,10,7.57973733583489,NA,8.125,9.125,10,3,4,4.76190476190474,4.41997063142438,8.4,10,8.53845640717764,10,2,3,10,0.1,0.3
"27","Armenia","ARM",2.85463039660436,9.81643607064002,1.72150902844851,8.6066296582387,10,6.29285308902091,6.29285308902091,2.11259316846939,8.67378357903775,10,1.53425388566473,8.6066296582387,3,3.96,2.70334928229665,7.5234521575985,NA,2.70833333333333,2.625,7.40740740740741,0,0,10,1.65093350115377,10,10,1.53425388566473,10,4,4,10,0.1,0.3
"28","Cameroon","CMR",1.03122610413265,5.23915442187326,1.83563991747256,8.42223622114704,1.07990299387976,4.11732691832709,2.77288826252049,5.46884833228446,6.64400759552489,10,5.36321793075846,7.19397284745155,2,7.12,8.13397129186603,4.54033771106942,10,4.79166666666667,7.625,10,2,2.5,2.38095238095237,5.46884833228446,10,9.72236862949016,5.36321793075846,5.17532453298701,1,1.5,7.09340629648011,0,0.1
"29","Colombia","COL",4.38845848283219,6.39728925011767,1.19303173324167,6.90790934025522,8.45154254728515,7.18331399842719,6.60378372934724,4.4329278349025,4.70375354190984,10,5.53665532652925,5.7439967634015,2,5.16,5.07177033492823,2.30769230769231,NA,4.375,7.375,7.19858156028369,0,0.5,10,3.87455422697713,10,9.58762886597938,5.53665532652925,4.58333333333333,2,2.5,6.62897420187107,0.1,0.2
"30","Congo DR","COD",0.409493865729412,7.89278592770637,10,10,0.681385143869243,7.88307409218364,2.43475886930563,NA,0,8.36660026534076,7.31105329864586,10,4,8.7,10,0,7,8.95833333333333,8,10,2,3,7.14285714285711,NA,10,10,7.31105329864586,10,3,4,10,0,0.2
"31","Grenada","GRD",0.0258198889747319,10,1.99673063347899,6.8657153405925,0.000666666666667481,0.0752772652709541,0.0752772652709541,NA,6.12563891831689,10,0.573677539857247,6.8657153405925,1,8.5,NA,3.75234521575985,10,6.875,0,4.71380471380471,1,1,0.000666666666667481,10,10,10,0.573677539857247,10,4,4,10,0.1,0.4
"32","Guinea","GIN",1.22748729175725,3.43432171368294,5.42195789870556,9.90295724191303,1.66933120340652,5.96018535985328,3.52891070691972,NA,5.63537131720046,8.36660026534076,3.13521446201054,10,2,7.46,8.82775119617225,3.30206378986867,7,5.20833333333333,3.875,10,1,1.5,4.76190476190474,NA,10,9.61744287925728,3.13521446201054,10,2,2.5,9.80685621351577,0,0.2
"33","Iran","IRN",2.96040426997674,2.08410920470706,3.07112526738585,8.77067913454564,4.41588043316391,7.27374731483023,5.34102870224818,2.74065116186289,0,10,10,8.99172196132572,4,6.46,2.96650717703349,0,NA,0.625,6.5,8.08510638297872,0,1,8.19,2.53199076987623,10,9.05235162503529,10,10,3,4,9.51438470161644,0.1,0.1
"34","Kenya","KEN",0.825340724657987,4.91839411885488,8.35933062388817,9.50406173439769,1.03141142315253,3.30223589477824,2.17344526456006,7.25106245,7.26998000675691,10,10,9.56500714595277,5,4.58,10,5.42213883677298,10,1.875,6.125,9.14893617021276,2,3,2.38095238095237,7.25106245,10,9.74755735507887,10,10,3,4,9.87297187025207,0,0.1
"35","Malawi","MWI",0.480342482431,2.03700204652173,3.16227766016838,8.3877686496239,0.597614304667193,6.32455532033674,2.24052675931452,10,7.4408007304126,10,10,9.08978071656172,5,8.4,10,7.63602251407129,10,7.70833333333333,2.375,8.26241134751773,2,2.5,4.76190476190474,10,10,7.25056996724195,10,10,4,4.5,8.51502787267426,0,0
"36","Mali","MLI",1.42107680227689,4.61035025132403,10,9.91344448595887,8.16496580927726,9.05538513813742,8.18246415427978,6.76945668135096,9.82763815761882,8.36660026534076,6.60396237742646,10,4,8.2,8.22966507177033,10,7,6.875,5.75,10,2,2.5,10,6.76945668135096,10,9.65824717570855,6.60396237742646,10,3,3.5,9.82763815761883,0,0.1
"37","Montenegro","MNE",4.90538553276286,9.41902880173836,1.87569570149657,6.48749120134602,10,7.2525857457875,7.2525857457875,1.80643685262925,9.64666581523607,10,0,6.48749120134602,3,5.26,1.17224880382775,9.30581613508443,NA,6.45833333333333,1.75,4.20875420875421,0,0,10,2.78372141808265,10,10,0,10,4,4,10,0.1,0.4
"38","Nigeria","NGA",0.60314534009511,6.14385239968244,5.03212219604215,9.43248418709629,0.80118959173516,5.53774924194537,2.27148871244707,4.96538703587162,7.39285990609992,10,10,10,4,6.44,8.49282296650718,6.90431519699812,NA,4.79166666666667,7.75,10,1,1.5,4.76190476190474,4.96538703587162,10,7.91597371090221,10,10,3,3.5,8.89717579398216,0.1,0.1
"39","Papua New Guinea","PNG",0.465863446311861,6.20367846861891,3.7124086188157,6.67477711960683,0.755928946018453,7.76438756668638,2.52587416638196,4.55025777456376,0,10,1.7743979721166,5.48504915213661,2,8.44,10,0,10,0,4.875,8.08510638297872,2,3,7.14285714285711,2.0704845814978,10,8.16019032513878,1.7743979721166,3.72113399332543,1,2,5.51045929218964,0.1,0.3
"40","Romania","ROU",2.54030507415644,9.12164834128362,2.12286198295351,5.7118306848789,3.16227766016838,6.95701085237044,3.91221470208563,2.2815113350176,4.41726104299386,10,0,4.93125202554775,1,4.84,2.46411483253588,1.95121951219512,NA,10,2.375,4.37710437710438,1,1,10,2.1124396895322,10,10,0,5.55555555555556,3,3,7.4535599249993,0.2,0.3
"41","South Africa","ZAF",3.38325781012882,6.23961826253175,2.26737155004389,6.39483411940437,6.79548169216659,4.65985898008573,4.54513633944972,4.35782726416992,4.17771649851302,10,3.13521446201054,5.77976160176519,1,3.04,5.43062200956938,2.13883677298312,NA,10,5.25,6.13475177304964,1,2,7.14285714285711,3.49695825466751,10,8.16019032513878,3.13521446201054,5.44531309644711,1,2,6.66594263754041,0.1,0.3
"42","Tajikistan","TJK",0.799867661857563,8.07018192164849,2.5609894219227,8.21962684940544,2.30021853114118,4.23702501200794,4.16457053305674,5.84644430459409,7.84464540552736,9.2736184954957,5.32319391634981,8.06299078078161,3,7.54,5.90909090909091,6.15384615384615,10,3.125,5.125,7.02127659574468,1,2,2.38095238095237,5.84644430459409,8.6,10,5.32319391634981,9.25925925925926,1,2,9.62250448649377,0,0.3
"43","Zambia","ZMB",1.48503275319713,2.9077556419089,2.44096357244328,8.08163832334158,2.43665487507603,7.00299867604688,4.48628680181372,8.6993916509335,5.50521869909877,10,4.40264158495097,7.52131654932176,4,8.26,8.70813397129186,3.32082551594747,10,4.79166666666667,1.625,8.26241134751773,1,2,5.93728698023177,8.6993916509335,10,9.12647556439281,4.40264158495097,6.84669405283201,1,2,7.9048204261732,0,0.1
"44","Albania","ALB",2.11185009508687,7.27364677457227,0.922897311106767,4.56800009848679,3.16227766016838,5.84807660688538,3.2886151489306,2.83397107544037,6.56395180569673,10,10,2.99644383316996,2,3.42,3.39712918660287,5.38461538461538,NA,6.45833333333333,3.875,6.06060606060606,0,0.5,10,2.36417033773862,10,8.00158604282316,10,1.48148148148148,3,3.5,3.44299310846292,0.1,0.2
"45","Antigua and Barbuda","ATG",0.160685683788979,10,1.46447582969033,7.15632442039257,0.000666666666667481,0.0739369100427746,0.0739369100427746,NA,4.62475596435435,10,3.3620172103262,7.08912144403208,2,8.2,NA,2.13883677298311,NA,6.45833333333333,1.25,5.21885521885522,0,0.5,0.000666666666667481,5.25907279211244,10,10,3.3620172103262,9.62962962962963,2,2.5,9.81306762925316,0.3,0.4
"46","Argentina","ARG",4.3372198147884,5.03082721173089,1.60481345766224,5.19081676585191,8.45154254728515,4.77493455452533,4.38970579968751,4.44649802217571,4.46609232668316,10,0,4.44693343308797,1,2.28,2.27272727272727,2.19512195121951,NA,1.04166666666667,2.125,4.04040404040404,0,1,10,8.6993916509335,10,9.08650230543096,0,4.8943661971831,2,3,6.6687832274207,0.1,0.2
"47","Barbados","BRB",0.316118645467696,5.64050300437171,1.50012866840448,4.51230654818232,2.17606022325626,8.51888658050031,4.07204848954586,4.26401432711221,6.09998316253028,8,1.38749916616637,4.29414907892783,2,7.62,1.81818181818182,4.57786116322702,NA,8.54166666666667,1.375,2.76595744680851,0,1.5,9.52380952380948,10,8,8.12820512820513,1.38749916616637,6.66666666666667,1,2.5,7.36125221603187,0.1,0.4
"48","Bolivia","BOL",6.02046613090961,8.22466098057397,2.06615026927469,7.11420078113866,6.90065559342353,8.27042925125413,6.8702608581492,7.21281048384577,6.06407314553894,10,2.49483023147222,6.1178402936131,3,6.84,8.08612440191387,3.67729831144465,NA,5.20833333333333,3.875,6.84397163120567,0,0,10,6.43381581707573,10,10,2.49483023147222,5.46875,3,3,7.39509972887452,0.1,0.2
"49","Burkina Faso","BFA",0.472721946736668,4.25231320371179,1.96798967126543,9.19712077609975,9.75900072948531,8.93308457365092,8.82478474645658,5.91718235,7.74732993034289,5.29150262212918,6.53725568674538,9.28279121632914,3,7.98,8.75598086124402,6.22889305816135,7,5.20833333333333,5.75,8.61702127659574,0,0.5,10,5.91718235,4,9.63592093958728,6.53725568674538,10,2,2.5,9.81627268345133,0,0.2
"50","Dominica","DMA",0.531278829080694,10,0.786829296755221,2.20709376080757,7.96804732197,9.3605046668995,8.56189437929037,NA,9.97181769877669,0,5.17643919685144,0.487126286899569,2,9.2,5.50239234449761,9.9437148217636,NA,6.875,2.25,NA,0,0.5,9.52380952380948,NA,0,10,5.17643919685144,0.487126286899569,1,1.5,2.20709376080757,0.2,0.5
"51","Egypt","EGY",0.778018319653862,2.51504040801254,1.26979227575105,8.47221889372937,0.934174117399367,2.2920604955685,2.37144010819253,1.20691142187877,7.57097308943335,10,2.41478220265493,9.10926579940751,3,6.02,1.79425837320574,7.95497185741088,NA,4.79166666666667,8.125,8.61702127659574,0,1,0.872681281618886,0.811831340465703,10,7.20551053458785,2.41478220265493,9.62962962962963,1,2,8.32984980299619,0.1,0.2
"52","El Salvador","SLV",2.27004315517648,8.90569403170938,1.73290541061363,6.32265892773258,4.93891254658928,6.07100838882164,5.04824610537172,4.79756660373401,7.73376739918477,10,2.22800346874792,5.2615824526916,2,5.16,4.97607655502392,6.45403377110694,NA,7.29166666666667,5.125,6.22895622895623,0,1,7.14285714285711,4.79756660373401,10,9.26725212570974,2.22800346874792,4.44444444444444,1,2,6.41777120388197,0.1,0.3
"53","Eritrea","ERI",0.299528844434601,4.8762967026351,10,10,4.41897725190929,9.52190457139045,6.48603603429525,6.64828596814576,NA,7,8.80528316990194,10,4,9.52,10,NA,NA,7.29166666666667,3,10,2,3.5,9.52380952380948,4.41997063142438,7,10,8.80528316990194,10,2,3.5,10,0.3,0.3
"54","Georgia","GEO",3.76358251161549,9.05380274102504,2.15995194290133,6.3473533730017,9.75900072948531,6,5.92725928453844,4.88367427913615,9.70483719160565,10,3.38869988659863,5.071073526256,2,3.6,4.92822966507177,9.41838649155722,NA,10,3.5,6.31205673758865,1,1,10,4.83952171176841,10,10,3.38869988659863,4.07407407407407,3,3,6.38284738504226,0.1,0.3
"55","Guatemala","GTM",2.56931057646194,6.94920731483386,10,8.31089773151454,5.00761325145926,6.26772366972252,6.11202052155309,6.8118568,6.72199245465855,4.4,5.3098525782136,8.69090990021281,1,7.46,6.50717703349282,5.40337711069418,NA,6.45833333333333,5.75,7.5531914893617,0,0.5,5.266,6.8118568,4.4,8.36239663359005,5.3098525782136,10,1,1.5,9.14461406161575,0.1,0.1
"56","Lesotho","LSO",3.40685873720877,7.15475366122891,2.77452763352521,8.90851638142447,6.90065559342353,8.92188320927819,7.41142486460271,10,8.05375576490489,8.36660026534076,10,9.44592977030791,6,7.96,8.75598086124402,8.19887429643527,7,5.20833333333333,0.875,8.92255892255892,0,0.5,10,10,10,7.91120580406265,10,10,5,5.5,8.89449594078419,0,0.1
"57","Mauritius","MUS",0.266647783784363,6.74546877732456,4.98818383073005,4.81485626268039,1.42197046382827,8.37854402626136,3.15946714749093,3.74541211748513,7.6017179849493,10,10,4.46683473448539,4,7.02,1.79425837320574,5.77861163227017,NA,7.29166666666667,1.375,2.69360269360269,0,1,10,7.81833438221103,10,10,10,7.40740740740741,4,5,8.6066296582387,0.2,0.3
"58","Myanmar","MMR",3.34009906578231,5.26245319363041,1.88542265013058,7.99185307814015,10,7.29383301152419,7.29383301152419,8.41506964493976,6.11055723323081,2.68328157299975,10,7.41959955353983,4,5.32,7.08133971291866,4.8780487804878,3,0.625,8,9.68085106382978,0,0.5,10,10,2.4,7.65447648862082,10,5.68653077832914,3,3.5,6.59753106431028,0,0.2
"59","Pakistan","PAK",0.44490623852145,4.25673140939767,10,8.05739283645605,1.0340127610127,2.71612932139949,2.67108368475936,4.4539070999988,5.3914902953407,10,10,9.74861328563749,3,6.9,6.6267942583732,6.22889305816135,NA,8.125,7.75,9.50354609929078,0,0,1.06918238993711,2.99349695825467,10,4.66666666666667,10,10,3,3,6.83130051063973,0.1,0.1
"60","Seychelles","SYC",0.369828189845544,9.08617610542033,4.68992201806358,5.87578535760275,3.4505398570541,7.37757219067162,5.12768112412933,NA,9.52925780013262,10,0,5.4540256702242,3,7.62,2.20095693779904,9.08067542213884,NA,7.70833333333333,0.625,4.00709219858156,0,1,7.14285714285711,NA,10,10,0,7.42343688073717,2,3,8.61593690827479,0.2,0.4
"61","Spain","ESP",4.44291153265773,8.50097918269996,1.66475653745896,2.84390405634195,3.16227766016838,2.86356421265527,1.61030049411222,0,6.06407314553894,10,0,1.86559126965027,1,0.819999999999999,0,3.67729831144465,NA,0.208333333333332,1.75,1.87943262411347,0,0,10,2.19634990560101,10,10,0,1.85185185185185,3,3,4.30331482911935,0.2,0.4
"62","Suriname","SUR",2.62335876590031,8.50419005195725,3.27096690631089,8.0482812200337,4.79170910954287,8.03808310482045,5.6660789823243,3.98088406992786,0,0,0,8.10287391340663,2,6.7,5.52631578947368,0,NA,1.04166666666667,1.5,6.56565656565656,0,1,9.6434,2.86763163415146,0,9.73321345119156,0,10,1,2,9.86570496781227,0.1,0.3
"63","Syria","SYR",0.991819142461123,NA,1.88662707793821,6.66666666666667,1.39300975964858,4.87950036474266,3.73230459588788,6.4438973873466,NA,NA,10,6.66666666666667,1,10,6.17224880382775,9.83114446529081,NA,8.125,9.5,10,2,2,2.38095238095237,6.72750157331655,NA,NA,10,4.44444444444444,1,1,4.44444444444444,0.1,0.5
"64","Timor-Leste","TLS",0.363533040145778,7.79240973541151,3.74279010191293,8.89755482889923,0.0796819072890081,9.15475416434125,0.837377324832283,8.52989686588214,5.3311456284305,5.47722557505166,1.97451804415983,8.99172196132572,3,8.8,9.30622009569378,2.96435272045028,3,6.45833333333333,2.5,8.08510638297872,0,1.5,9.52380952380948,7.81833438221103,10,9.58762886597938,1.97451804415983,10,2,3.5,9.7916438180621,0.1,0.4
"65","Trinidad and Tobago","TTO",5.83967527618836,5.11520665827077,2.13641695101812,5.15104669860876,10,8.17312669668102,8.17312669668102,2.10111185776259,1.26688637511958,10,1.34747515175772,4.94388009238455,2,6.68,2.89473684210526,0.262664165103189,NA,6.04166666666667,0.875,4.71380471380471,0,0,10,1.52506817705056,10,6.11046842584365,1.34747515175772,5.18518518518519,2,2,5.62884627221479,0.1,0.3
"66","Tunisia","TUN",6.20142505322232,6.14220979088227,4.5470906320746,8.03631286167058,9.20022688217886,8.31521840620298,8.17273804576034,2.20546650689843,6.92267381291339,10,1.80108064838903,8.10287391340663,3,7.26,2.05741626794258,4.953095684803,NA,1.45833333333333,3.25,6.56565656565656,0,1,9.52380952380948,2.36417033773862,10,9.67544658324179,1.80108064838903,10,2,3,9.83638479485314,0.1,0.2
"67","Uganda","UGA",1.86533246191982,1.49915643224651,7.70807081029076,8.78903304973545,7.66490528555227,6.99659781267873,6.27675180071179,6.34990560100692,7.23251145885959,5.47722557505166,10,9.74861328563749,3,5.14,10,7.91744840525328,3,9.79166666666667,5.625,9.50354609929078,1,1.5,9.52380952380948,6.34990560100692,10,6.60682827662353,10,10,3,3.5,8.12823983198301,0,0.1
"68","Venezuela","VEN",2.55897494343305,1,0.551704247418101,4.68918600512959,5.64708099902274,7.93409856253374,7.28577802234008,7.12163628313622,0,NA,2.26802748315656,7.20015093016602,3,9.4,5.07177033492823,0,NA,1.04166666666667,4.5,9.32624113475177,0,0,6.6968,10,NA,0,2.26802748315656,5.55874254891334,1,1,2.35769857041,0.1,0.5
"69","Angola","AGO",1.39853931323351,2.38768054744307,6.20253086615016,9.15475598194295,4.38471573731059,6.53197264742179,6.26793849732932,1.31529263687854,2.06394144907901,10,3.53545460609699,9.37780690840601,2,8.96,9.83253588516746,0.469043151969981,NA,6.45833333333333,3.25,8.79432624113475,0,0.5,4.76190476190474,1.31529263687854,10,9.0820093787426,3.53545460609699,10,2,2.5,9.52995770124013,0.1,0.2
"70","Bahamas","BHS",1.89466340994946,9.24868089253629,0.929505165151245,3.00170996893491,10,8.87693640846886,8.87693640846886,3.06385451596809,10,10,10,1.56899129836403,4,7.88,3.58851674641148,10,NA,1.45833333333333,1.125,3.29787234042553,1,1,10,2.61590098594504,10,10,10,0.746461184735972,4,4,2.73214418495066,0.1,0.3
"71","Belize","BLZ",2.82366317888807,10,1.75771196377529,7.70753070883104,10,8.74070935336486,8.74070935336486,4.27443530036607,9.2495119287087,10,4.46934827563205,7.15042443824758,4,7.64,4.66507177033493,8.55534709193246,NA,3.54166666666667,2.75,6.9023569023569,0,0.5,10,3.91650933501154,10,10,4.46934827563205,7.40740740740741,3,3.5,8.6066296582387,0.1,0.2
"72","Bosnia and Herzegovina","BIH",1.54589795183561,7.85534377289582,0.957302803951345,7.13546845613529,4.87950036474266,7.37563556583431,5.15213373120303,1.77874874911406,8.92957646447449,10,10,6.05499178792296,4,5.44,3.22966507177033,7.97373358348968,NA,6.45833333333333,2.5,7.07070707070707,0,0,10,0.979651772603315,10,10,10,5.18518518518519,4,4,7.20082299823096,0.1,0.2
"73","Botswana","BWA",4.27809002644279,8.33129285768346,2.138008720028,6.8657153405925,9.19456258294568,8.60785908895108,8.45775956712636,7.50197077799245,5.23374818605623,10,2.94843572810353,6.8657153405925,3,7.78,6.9377990430622,2.73921200750469,NA,4.79166666666667,0.875,4.71380471380471,0,1,9.52380952380948,8.11202013845186,10,10,2.94843572810353,10,3,4,10,0.1,0.2
"74","Brunei Darussalam","BRN",0.367097771585075,4.29668924423659,2.28178848570056,5.40191594227108,0.0816496580928225,8.64869932417586,0.781498203794681,3.34123821926567,2.80712040231545,10,0,4.41064589732332,2,7.48,1.81818181818182,0.787992495309567,NA,2.70833333333333,0.5,4.37710437710438,0,0,10,6.14013006083491,10,10,0,4.44444444444444,3,3,6.66666666666667,0.2,0.5
"75","Bulgaria","BGR",2.20852347691489,8.81833824882544,2.90221154564563,5.94588390010563,3.20713490294909,4.59147035273016,3.95611151591958,2.5341847754028,5.81129133169545,10,0,5.94588390010563,1,4.88,2.41626794258373,3.37711069418386,NA,7.70833333333333,1.25,3.53535353535354,0,0,4.32,2.65785609397944,10,10,0,10,3,3,10,0.1,0.2
"76","Cyprus","CYP",0.312978248544577,8.39782159989747,2.46834316059365,6.07477689037252,3.33016516106934,7.34846922834953,4.24062399533069,2.37888032226499,7.6017179849493,10,0,5.70484980246768,3,5.4,2.12918660287081,5.77861163227017,NA,4.79166666666667,1.875,4.18439716312057,0,0.5,10,2.65785609397944,10,10,0,7.77777777777778,3,3.5,8.81917103688197,0.1,0.4
"77","Djibouti","DJI",0.891927216589006,7.60139608981675,2.45117572704593,8.99172196132572,1.56185914048238,6.67618368317023,3.82348029351729,10,0,10,7.76465879527717,8.99172196132572,4,9.36,8.25358851674641,0,10,8.125,3.375,8.08510638297872,1,1.5,4.76190476190474,10,10,10,7.76465879527717,10,4,4.5,10,0,0.2
"78","Ecuador","ECU",6.02046613090961,8.28895472795833,2.3672148670591,7.26632896006378,6.90065559342353,6.308724118235,5.24066878001517,3.2301430071688,5.19777698189052,8.4,3.30865185778134,6.74111309253106,1,3.98,5.14354066985646,2.70168855534709,NA,2.70833333333333,4.5,6.13475177304964,0,1,10,2.02852947346339,8.4,10,3.30865185778134,7.40740740740741,2,3,8.6066296582387,0.1,0.2
"79","Equatorial Guinea","GNQ",0.119452279950607,0.88722301722869,1.54406063016055,8.60676365822473,0.305400000000001,1.74756974109762,1.74756974109762,6.17966682587706,0,10,1.88112867720632,7.51383203583303,2,10,5.4066985645933,0,NA,8.125,1.875,9.93265993265993,1,2,0.305400000000001,7.06314243759178,10,9.78522863863686,1.88112867720632,5.68404357397461,1,2,7.45785934188331,0.1,0.4
"80","Fiji","FJI",1.58489319246111,6.6708053807488,4.661384971728,7.17042774809075,0,9.41275730060007,0,0,8.86667425853945,10,10,6.90758539669314,4,8.86,4.90430622009569,8.70544090056285,NA,1.04166666666667,1.5,6.13475177304964,0,1,10,0,10,9.03089381744732,10,7.77777777777778,3,4,8.38094775349498,0.2,0.3
"81","Greece","GRC",1.47277616789938,8.71294797269765,1.98894291697684,5.60084060044673,5.05936190217133,4.17328359927767,4.04874456628658,0.415195515277932,7.84464540552736,10,0,5.32130242721961,2,3.24,0.119617224880383,6.15384615384615,NA,0.625,3.375,3.47517730496454,0,0.5,5.3754,1.44115796098175,10,10,0,8.14814814814815,2,2.5,9.0267093384844,0.1,0.3
"82","Guyana","GUY",3.16773553731875,1.77518567164594,1.66625453460956,6.69552349821026,9.62434413349814,8.75214259481643,8.58617936352344,6.83013306629887,4.891809034077,0,0,7.59444011356226,2,7.66,4.66507177033493,4.27767354596623,7,3.54166666666667,1.625,6.22895622895623,0,0.5,10,10,0,5.59411450376869,0,9.25925925925926,2,2.5,7.19703803771918,0,0.3
"83","Hungary","HUN",5.60134133144852,7.57896076443615,1.91800438407613,5.21201323663036,9.75900072948531,5.65685424949238,5.58827364526407,2.22394584514699,3.5718305857898,10,0,5.0072183251705,1,3.2,0.933014354066984,1.27579737335835,NA,8.54166666666667,1.25,2.94326241134752,0,0.5,10,5.30102790014684,10,10,0,8.51851851851852,3,3.5,9.22958206990897,0.2,0.3
"84","Kazakhstan","KAZ",2.19322962817045,7.67845606728273,1.92170348913879,6.18843457139448,4.92761895558377,6.46970964241384,5.37362513390364,2.4663817618457,3.90753900041137,10,0,6.05660194399128,1,5.86,1.26794258373206,1.80112570356473,NA,0.625,1.625,4.71631205673759,0,1.5,7.14285714285711,4.79756660373401,10,8.47739888977002,0,7.77777777777778,1,2.5,8.1200569393454,0.1,0.2
"85","Malaysia","MYS",1.83080136540777,7.04840782604213,2.56448770918512,6.30729439011626,9.75900072948531,3.9496835316263,3.90179973063676,2.55468749655886,4.2914850106042,10,2.73497431792409,6.60431838092287,1,1.56,2.3444976076555,2.21388367729831,NA,6.45833333333333,3,4.36170212765957,0,0.5,10,2.78372141808265,10,8.3187946074544,2.73497431792409,10,3,3.5,9.12074262736012,0.1,0.2
"86","Nicaragua","NIC",0.862493214687857,1.48097562378013,1.87816518777328,6.44986661578776,1.21184628916848,3.57903950935496,2.55337679078636,1.56702328508496,7.48927493086048,7.48331477354788,2.58821959842572,5.88726058044883,2,5.38,6.79425837320574,8.08630393996247,7,6.45833333333333,5.25,7.19858156028369,0,0.5,2.38095238095237,1.56702328508496,8,6.93632584261673,2.58821959842572,4.81481481481481,0,0.5,5.77902452213294,0,0.3
"87","Oman","OMN",4.95840601339784,3.60892640404512,1.91490623204152,5.17842234766114,6.90065559342353,7.3348483283569,6.09307205706765,0.217773578402831,4.07347996830652,10,0,5.97204277651744,2,5.38,3.22966507177033,3.60225140712945,NA,0.625,2.5,4.37710437710438,0,0.5,10,0.0146842878120417,10,4.60635229938525,0,8.14814814814815,2,2.5,6.12643786861124,0.1,0.3
"88","Palau","PLW",NA,10,1.04837404266197,3.23786047052983,NA,NA,NA,NA,9.48979900620853,10,1.5075712093923,1.04837404266197,2,9.62,NA,9.00562851782364,NA,4.79166666666667,0.875,NA,0,0,NA,NA,10,10,1.5075712093923,1.04837404266197,2,2,3.23786047052983,0.4,0.7
"89","Poland","POL",1.48744875557303,4.76277755458877,2.03232138707474,5.61293939648648,2.60905018294835,2.88933902475982,2.76014973039674,1.51559960572823,0,10,0,5.36717657266276,1,2.92,0.789473684210526,0,NA,7.29166666666667,0.25,3.53535353535354,0,1,2.859,2.90958674218586,10,9.746233148295,0,8.14814814814815,1,2,8.91143936626963,0.2,0.3
"90","Saint Lucia","LCA",0.0258198889747319,10,1.00193183890515,3.1714456008731,0.000666666666667481,0.0680196050170267,0.0680196050170267,NA,10,10,2.06790741111334,1.00580671992973,2,6.94,NA,10,NA,5.625,0.5,NA,1,1.5,0.000666666666667481,8.15397524648626,10,10,2.06790741111334,1.00580671992973,2,2.5,3.1714456008731,0.4,0.4
"91","Solomon Islands","SLB",4.76190476190474,5.23792873528243,3.26498998625441,8.53801857934945,4.76190476190474,6.85218074428723,6.85218074428723,2.0860940923925,8.7919458281232,8.36660026534076,2.18797945433927,8.3753151271601,3,9.86,9.13875598086124,7.72983114446529,7,0.208333333333332,3.25,7.57575757575757,0,0.5,4.76190476190474,0.476190476190476,10,10,2.18797945433927,9.25925925925926,2,2.5,9.62250448649377,0.1,0.5
"92","United Arab Emirates","ARE",2.03323281239413,4.55879071693839,2.32002324160472,3.35744610823008,6.90065559342353,6.82641926635041,5.67071909596602,1.26358728447854,6.6191741093892,10,0,3.60405748637794,1,4.66,1.07655502392344,6.82926829268293,NA,3.125,1.625,1.52482269503546,0,0.5,10,1.48311306901615,10,6.41554321966693,0,8.51851851851852,2,2.5,7.39262630755056,0.1,0.2
"93","Azerbaijan","AZE",1.78965686452835,5.16779118224874,0.297110754428474,7.29931502439613,4.31724118258076,7.1514234347336,5.55980636958503,3.82492316886297,4.32881755044847,10,2.89507037555867,7.40740740740741,3,7.16,4.23444976076555,2.4390243902439,NA,7.29166666666667,4.375,6.73400673400673,0,1.5,7.14285714285711,3.4550031466331,10,7.68285116787898,2.89507037555867,8.14814814814815,1,2.5,7.9120799740682,0.1,0.2
"94","Bahrain","BHR",6.78853630693648,5.01223500475973,1.20077797637128,4.29031822027347,6.90065559342353,7.82304288624318,6.49861617821456,0.670344156895743,5.59722771351944,10,0,3.1336680232224,2,6.12,0.526315789473683,4.76547842401501,NA,8.54166666666667,0,5.24822695035461,0,0,10,0.853786448500104,10,6.57414750198255,0,1.87108434384741,2,2,3.50724742000092,0.1,0.2
"95","Bangladesh","BGD",1.0762925523096,5.75224675159978,1.98631315324959,8.08726382339477,2.18828047301332,4.08248290463862,3.91381697465444,3.59630572040861,0,2.68328157299975,10,8.47902586947924,2,7,8.03827751196172,0,3,7.29166666666667,8,8.43971631205673,0,1,2.38095238095237,1.60897839311936,2.4,7.04996034892942,10,8.51851851851852,1,2,7.74953016557627,0,0.2
"96","Bhutan","BTN",0.312130751680205,1.89875935074807,3.69045588744756,7.74129684205989,2.10807969488822,7.70713954719908,3.53864287370681,8.3580176674941,4.55717637332791,10,2.3880995263825,7.83246562268207,4,5.94,6.98564593301435,2.17636022514071,NA,1.875,1.25,6.13475177304964,0,0.5,10,10,10,9.54247199416421,2.3880995263825,10,4,4.5,9.76855772064854,0.2,0.3
"97","Burundi","BDI",0.135522182680133,4.28572785235157,2.72165526975909,10,0.261861468283208,6.70465367878019,1.57225069902783,NA,4.41726104299386,10,4.37595890867854,10,2,9.44,9.92822966507177,1.95121951219512,NA,10,4.875,10,2,2,4.76190476190474,NA,10,10,4.37595890867854,10,3,3,10,0.1,0.2
"98","Cambodia","KHM",0.0969640266095746,8.82901753453313,2.03016001317147,8.89153611250165,0.113389341902748,6.63324958071079,0.835750169680465,5.39482139183037,9.76650476806392,5.47722557505166,10,8.91270658641907,3,6.16,9.33014354066985,10,3,3.125,4,8.24915824915825,1,2.5,7.14285714285711,3.11936228235788,10,9.53846153846154,10,9.62962962962963,2,3.5,9.58393717904348,0,0.2
"99","China","CHN",0.438845848283221,5.21430160281247,1.14787442333072,6.03160899264778,0.0845154254728531,3.22194853791185,0.607031510765001,2.13859968930822,4.19249806659938,10,10,5.83797518791578,2,4.36,2.91866028708134,2.77673545966229,NA,3.54166666666667,7.5,6.13475177304964,0,0,2.38095238095237,1.56702328508496,10,6.33010968951912,10,5.55555555555556,2,2,5.93020033834305,0.1,0.2
"100","Comoros","COM",0.0683826058131957,2.1252682856515,4.01933596392112,6.19999217906647,0.0327999999999999,0.529875457065148,0.529875457065148,NA,3.91225253800218,4.58257569495584,0,7.80023964113409,1,8.56,8.22966507177033,6.15384615384615,7,6.04166666666667,0.75,9.76430976430976,0,0,0.0327999999999999,NA,3,2.48717948717949,0,6.2312380421926,0,0,3.93677627485661,0.1,0.5
"101","Congo","COG",0.981442678614004,2.46781045189797,2.10775214120053,9.10229644381658,2.51837217169713,4.97185603824646,4.83430385405689,5.91350848030804,0,1.41421356237309,7.00420252151291,8.54704805482526,2,9.28,10,0,10,4.375,2.5,9.59595959595959,2,3.5,2.66372332597498,3.49695825466751,0.199999999999999,9.79226594641991,7.00420252151291,7.61279054178709,0,1.5,8.63402974164262,0,0.3
"102","France","FRA",4.44268623555416,5.31184903081056,2.63124121644418,3.05515569263131,3.16227766016838,1.89736659610103,1.06696764602335,0,4.60285980365028,10,0,2.80291655060841,1,0.359999999999999,0,2.25140712945591,NA,0.625,1.375,1.17845117845118,0,0.5,10,1.23138242080973,10,9.41025641025641,0,6.66666666666667,2,2.5,7.92054560841883,0.2,0.4
"103","Gabon","GAB",0.297314691720117,6.63259591309067,2.16682590587791,7.72529874271293,1.86675169874354,6.90065559342353,4.3205922033253,0,0,10,2.17463811620306,6.84752798323834,1,10,6.60287081339713,0,NA,6.04166666666667,3,7.91245791245791,1,1.5,4.76190476190474,0,10,9.60023993151023,2.17463811620306,5.92592592592593,1,1.5,7.54256658606643,0.1,0.2
"104","Gambia","GMB",2.08227614424761,3.00833295842603,2.46762008666673,6.73696423022081,4.74592557082488,8.25775249026488,5.82930759928708,5.67953824715789,6.52243302868739,10,4.24254552731639,7.73884209109822,3,7.16,7.51196172248804,10,10,8.95833333333333,1.375,8.08510638297872,2,3,9.52380952380948,4.29410530732117,10,4.25421326137122,4.24254552731639,7.40740740740741,1,2,5.61361655485766,0,0.2
"105","Germany","DEU",1.34393776863871,2.62611354557892,0.826968878211701,0.894466694870843,2.91857760528913,1.69176830564945,1.52802555090918,0,3.69209922279945,10,0,0.479856012891353,1,0.799999999999999,0,1.65103189493433,NA,2.29166666666667,0.375,0.336700336700337,0,0.5,3.5776,1.73484371722257,10,8.25641025641026,0,0.683877525530718,1,1.5,2.37620988465251,0.2,0.4
"106","Kiribati","KIR",NA,1.46153846153846,1,1.20894104965398,NA,NA,NA,NA,3.82300727378128,10,0,0,1,10,5.76555023923445,10,10,8.95833333333333,1.375,NA,3,3,NA,NA,10,1.46153846153846,0,0,1,1,1.20894104965398,0.1,0.7
"107","Korea DPR","PRK",NA,NA,10,10,NA,NA,NA,NA,NA,NA,10,10,2,0,NA,NA,NA,10,4.25,10,2,2,NA,NA,NA,NA,10,10,2,2,10,0.4,0.7
"108","Kuwait","KWT",3.56331251930746,3.30319150455265,2.17963160742749,7.09935767510761,6.90065559342353,6.91375440697744,5.74326855863144,0.978770501852969,0,10,0,7.53261189265895,2,4.78,0.645933014354066,0,NA,5.20833333333333,0.25,5.89225589225589,0,1,10,1.48311306901615,10,7.59807271802437,0,9.62962962962963,2,3,8.55374924659169,0.1,0.2
"109","Luxembourg","LUX",0.489702538787236,7.24077988767653,0.576967297490148,1.26710085219056,3.16227766016838,7.23878442834154,4.07066762820085,0,0,0,0,0,1,5.24,0,0,NA,0.625,0,0,0,0.5,10,2.23830501363541,0,7.74358974358974,0,0.332891262373085,1,1.5,1.60554456962205,0.2,0.5
"110","Madagascar","MDG",0.831172943327443,5.91985797708059,6.56749330873413,7.77285928804173,1.31330190922038,5.3363086938623,2.80241778062049,7.52464862597021,8.1095056589395,6.03324125159934,5.02968447735308,7.68175165640222,3,5.98,10,8.03001876172608,7,5.625,3.5,7.5531914893617,1,2.5,4.76190476190474,7.52464862597021,5.2,8.1897793745921,5.02968447735308,7.8125,0,1.5,7.99891563675982,0,0.2
"111","Malta","MLT",2.23233386351737,7.15673890417983,1.39136883631101,4.30153549657895,10,8.08702664766229,8.08702664766229,0,6.42342612136045,10,0,3.8197313941796,2,6.54,0,5.32833020637899,NA,1.45833333333333,0.375,3.03030303030303,0,0.5,10,1.90266414936019,10,7.74358974358974,0,4.81481481481481,2,2.5,6.10605851734848,0.2,0.5
"112","Mexico","MEX",3.47587023549541,2.64382968861732,2.80020755054028,7.36295333160132,4.87950036474266,4.97995983919549,3.47867229048121,3.25829697810578,4.46838161034563,10,10,7.78498944161523,3,2.48,3.22966507177033,2.4953095684803,NA,3.125,8.875,6.06060606060606,0,0.5,10,3.28718271449549,10,8.00158604282316,10,10,4,4.5,8.94515849095093,0.1,0.2
"113","Micronesia","FSM",NA,NA,1.90871385903056,7.00669498591808,NA,NA,NA,NA,NA,10,2.33473417383764,7.00669498591808,2,7.44,NA,10,10,NA,1.75,6.31205673758865,2,2.5,NA,NA,10,NA,2.33473417383764,7.77777777777778,1,1.5,7.77777777777778,0.4,0.7
"114","Moldova Republic of","MDA",2.67621111903312,7.39423992052428,1.14468767127012,3.70875923019927,4.87950036474266,7.36206492772238,5.14265417628924,0,5.99223220248612,4.89897948556636,0,1.71052631578947,1,5.42,4.5933014354067,4.46529080675422,3,4.79166666666667,2.375,NA,0,1,10,0,8,8.04132324689777,0,1.71052631578947,1,2,3.70875923019927,0.1,0.3
"115","Mongolia","MNG",0.142455192072281,6.00644862160693,3.70751509901091,6.98573566609361,0.29664793948384,6.40312423743285,1.10284022046883,4.7074702911837,6.66328885231586,10,0,7.67610310786397,2,4.1,7.20095693779904,6.47279549718574,NA,6.875,0.625,5.89225589225589,0,0,10,3.07740717432347,10,6.85938839697637,0,10,3,3,8.28214247461149,0.1,0.2
"116","Morocco","MAR",3.47051350004683,5.73150534739045,3.51446331238174,6.63684791613029,8.45154254728515,7.2525857457875,6.6674668202189,1.1705406878278,6.48534832758675,10,4.09579080781802,6.83783414788557,2,5.26,3.49282296650718,6.39774859287054,NA,3.95833333333333,3.875,6.31205673758865,0,0.5,10,0.392280260121671,10,6.57414750198255,4.09579080781802,7.40740740740741,2,2.5,6.97835144597737,0.1,0.2
"117","Nauru","NRU",NA,1.97435897435897,0.844169080927635,1.29100457040471,NA,NA,NA,NA,4.40570179463686,10,0,0.844169080927635,1,9.84,NA,9.83114446529081,NA,10,0.625,NA,1,1,NA,NA,10,1.97435897435897,0,0.844169080927635,1,1,1.29100457040471,0.4,0.7
"118","Panama","PAN",4.38845848283219,5.95360800970453,2.60192901668319,6.15687239784438,8.45154254728515,7.2525857457875,6.6674668202189,3.07922124701936,5.60074995523713,10,1.34747515175772,5.56622906310062,2,5.26,5.09569377990431,3.30206378986867,NA,3.54166666666667,3.5,4.88215488215488,0,0.5,10,1.86070904132578,10,9.49963479122744,1.34747515175772,6.34615384615385,2,2.5,7.76441523022854,0.1,0.2
"119","Rwanda","RWA",0.725530496736851,8.03866363690945,0.314311987264681,8.15929219020663,1.91186769815227,8.25775249026488,3.69986117560785,8.19593035452066,8.62644175745452,8.36660026534076,6.23040490961244,7.57936728959867,5,7.16,9.06698564593301,8.31144465290807,7,6.875,1.875,8.61702127659574,0,1.5,9.52380952380948,8.19593035452066,10,8.95337700031703,6.23040490961244,6.66666666666667,1,2.5,7.72587729659962,0,0.2
"120","Samoa","WSM",NA,7.74358974358975,1.49576009596198,5.54876405361242,NA,NA,NA,0,8.79976689667956,10,1.93449402975119,4.829643166186,2,8.72,3.20574162679426,10,10,3.125,1.125,5.24822695035461,2,2.5,NA,0,10,7.74358974358974,1.93449402975119,4.44444444444444,1,1.5,5.86651126445304,0.1,0.6
"121","Sao Tome and Principe","STP",0.167239440599677,8.87231360570335,2.77152712632279,6.39007280156973,1.1734,3.42549266529648,3.42549266529648,NA,6.12563891831689,7.34846922834953,0.0533653525448603,5.1052032415149,1,10,8.20574162679426,3.75234521575985,10,9.79166666666667,0,6.3973063973064,2,2,1.1734,NA,5.4,10,0.0533653525448603,4.07407407407407,1,1,6.38284738504226,0.1,0.5
"122","Saudi Arabia","SAU",2.61235283506338,3.50785306565811,1.85844968373086,6.59603558740005,5.46743606664559,5.43796180304978,4.75764493377898,2.50162673674792,4.58752180601823,10,0,6.47477982928126,1,4.14,2.39234449760765,2.77673545966229,NA,0,4.125,5.95744680851064,0,1.5,7.14285714285711,2.61590098594504,10,7.57917224251977,0,7.03703703703704,1,2.5,7.30307577536306,0.1,0.2
"123","Senegal","SEN",0.993023328919553,3.35913814944779,2.68038878634981,8.02684020276247,1.94593593591019,5.52914356581817,3.53453090360565,4.83952171176841,9.41414826252479,8.36660026534076,5.10973250617037,8.27283000623467,3,6.42,7.39234449760765,10,7,3.125,3.125,6.84397163120567,1,1.5,4.76190476190474,4.83952171176841,10,8.86261875087985,5.10973250617037,10,2,2.5,9.41414826252479,0,0.2
"124","Sierra Leone","SLE",1.50193390973262,8.539559998792,0.394662544751908,8.94010109552365,5.68595371988392,7.97496081495075,6.01354019346855,NA,0,10,4.97631912480822,9.08978071656172,3,6.36,9.64114832535885,0,10,9.79166666666667,3.5,8.26241134751773,1,1.5,10,NA,10,9.35741937939,4.97631912480822,10,3,3.5,9.67337551188312,0,0.2
"125","Tanzania","TZA",0.0536492304000146,3.98260469204278,2.34972789490331,7.95489903360172,0.0258198889747319,0.0669328021227669,0.416544900233094,4.33606041535557,7.33632425640843,10,5.68341004602762,7.92664026887769,3,6.72,9.71291866028708,6.22889305816135,NA,4.79166666666667,3.5,7.37588652482269,0,1,0.000666666666667481,4.33606041535557,10,8.64064498982647,5.68341004602762,8.51851851851852,1,2,8.57936444952544,0.1,0.1
"126","Togo","TGO",1.55377472577214,4.92587754206403,2.12669831204199,8.85249835475651,9.75227733858769,8.6542876202999,8.55231430896969,7.07411190113818,8.75378978255404,10,2.98845974251217,8.38870492807861,5,7.5,8.68421052631579,8.78048780487805,10,5.625,1.75,10,2,3.5,9.98622589531681,5.76253408852528,10,8.72717293845291,2.98845974251217,7.03703703703704,1,2.5,7.83667271209667,0,0.2
"127","Turkey","TUR",2.18404878281491,5.14107421635918,3.63860133901313,7.67337075056944,2.27288693491973,4.26431387993771,2.82852647343408,1.40390047810888,3.20331405819111,10,10,8.69090990021281,3,3.52,0.454545454545453,1.68855534709193,NA,6.45833333333333,8.625,7.5531914893617,0,0,5.16601501892881,4.33606041535557,10,6.07692307692308,10,10,3,3,7.79546219086661,0.1,0.1
"128","Turkmenistan","TKM",1,6.55385913555226,2.17964039409522,9.53214232520159,1,0,2.76405499221705,3.5442050528746,0,4,0,9.44262872887553,1,7.64,3.27751196172249,0,NA,1.875,1.5,9.25925925925926,0,0.5,0,3.83259911894273,4,10,0,9.62962962962963,1,1.5,9.81306762925316,0.1,0.4
"129","Tuvalu","TUV",NA,7.48717948717949,1,2.73627109168289,NA,NA,NA,NA,6.31618275718171,10,0.0533653525448603,0,1,9.68,NA,5.32833020637899,NA,9.79166666666667,0.75,NA,0,0.5,NA,NA,10,7.48717948717949,0.0533653525448603,0,1,1.5,2.73627109168289,0.4,0.7
"130","Uzbekistan","UZB",1.10232400708593,4.70440797833204,4.132767633351,8.15919183389747,2.93046396456585,5.07469723234796,4.57422263417514,4.13652738962895,6.02452495592269,5.47722557505166,0,8.16496580927726,1,7.14,3.25358851674641,3.63977485928705,3,6.45833333333333,3.5,6.66666666666666,0,0.5,3.6068,5.25907279211244,10,9.97174340383367,0,10,2,2.5,9.98586170735089,0,0.2
"131","Vanuatu","VUT",9.52380952380948,6.46153846153846,0.629934042227397,2.017509118216,9.52380952380948,9.14434511701342,9.14434511701342,0,8.038369524685,8.36660026534076,2.52151290774465,0.629934042227397,3,8.78,8.22966507177033,10,7,1.45833333333333,2.5,NA,1,1.5,9.52380952380948,0,10,6.46153846153846,2.52151290774465,0.629934042227397,1,1.5,2.017509118216,0.1,0.5
"132","Australia","AUS",0.997137726033927,5.77945221530955,1.45796053281789,1.22714257372711,2.93379325398754,0,0,1.14577634566987,5.44617716576345,10,0,0.845994506762865,1,0,0.885167464114833,3.15196998123827,NA,0,2.25,0.336700336700337,0,1,7.14285714285711,1.48311306901615,10,9.41025641025641,0,2.12564891525464,1,2,4.47246032187314,0.2,0.4
"133","Austria","AUT",3.57072008677243,8.26233218112194,0.468543144927459,1.20294113875247,4.87950036474266,4.79583152331272,3.35005236360689,0,4.14487252510697,10,0,0,1,2.3,0,1.80112570356473,NA,1.45833333333333,0.25,0,0,0.5,10,0.853786448500104,10,9.53846153846154,0,0.219532678658513,2,2.5,1.4470673833031,0.2,0.4
"134","Belgium","BEL",3.18843108837416,8.08856004514518,0.415111600525707,1.02819412263657,4.87950036474266,4.24264068711929,2.96362964226922,0,4.14417608344447,10,0,0.380852358885344,1,1.8,0,1.87617260787992,NA,3.54166666666667,1.25,0.841750841750841,0,0.5,10,1.77679882525698,10,9.15384615384616,0,0.172317640891015,2,2.5,1.25593358674337,0.2,0.4
"135","Chile","CHL",4.10169582702079,0,1.87101647861406,3.38184305456036,6.90065559342353,4.83735464897913,4.01839944363562,3.33198055864021,3.89425827475057,10,0,3.34251428061825,1,2.34,3.42105263157895,2.66416510318949,NA,3.95833333333333,4.125,2.05673758865248,0,0,10,3.24522760646109,10,5.69230769230769,0,5.4320987654321,2,2,5.56068139600214,0.1,0.2
"136","Cuba","CUB",1.0211879260478,NA,3.08717721138751,6.73721536853215,2.23798378648537,5.75698333703138,3.94669065850596,3.60031547476069,NA,NA,10,6.73721536853215,1,6.96,4.33014354066985,9.83114446529081,NA,3.95833333333333,3.5,4.53900709219858,0,0,4.76190476190474,2.99349695825467,NA,NA,10,10,2,2,10,0.1,0.5
"137","Czech Republic","CZE",4.70070835868278,4.51298289941646,5.42943660659577,4.08853621784139,6.90065559342353,6,4.98421108464767,0,3.96986774416873,10,0,3.88447721544501,1,3.6,0,1.57598499061914,NA,3.54166666666667,0,1.85185185185185,0,0.5,10,2.61590098594504,10,10,0,8.14814814814815,3,3.5,9.0267093384844,0.2,0.4
"138","Dominican Republic","DOM",3.25280244500077,0,2.32107163395235,6.43076691717938,4.87950036474266,7.96241169495775,5.56201692845936,4.24142758399719,5.52610497073592,10,3.64218531118671,6.76968662049936,2,6.34,4.5933014354067,4.82176360225141,NA,6.45833333333333,4.75,5.89225589225589,0,0.5,10,3.91650933501154,10,6.33333333333333,3.64218531118671,7.77777777777778,2,2.5,7.01849408771278,0.1,0.2
"139","Estonia","EST",1.98050218285855,6.38129512581427,0.25844383899889,3.8304847244293,5.2316452439146,4.30945803685666,3.68812657512971,2.66630505536231,5.74635866429225,10,0,3.75748967500055,1,2.6,2.2488038277512,3.30206378986867,NA,0.625,0,1.52482269503546,0,1,7.14285714285711,3.16131739039228,10,10,0,9.25925925925926,2,3,9.62250448649377,0.2,0.4
"140","Iceland","ISL",0.376405526000277,5.86950565376967,0.46910208082577,0.499735793921385,4.64004310324806,5.81868910126179,4.68975525047905,1.36194992322504,7.19599638531635,10,0,0.192474915167839,2,4.74,0.55023923444976,5.17823639774859,NA,0,0.25,0.16835016835017,0,0.5,7.14285714285711,3.3710929305643,10,10,0,0.220056762235068,2,2.5,1.48343103053384,0.2,0.4
"141","India","IND",3.07785796890812,3.79173522528959,0.981210813659244,4.41555671303555,8.45154254728515,6.85565460040104,6.30255900188488,4.73157136443393,2.43533322930813,10,6.08365019011407,2.55113060332126,1,4.7,7.17703349282296,0.712945590994371,NA,5.625,8,7.02127659574468,0,0.5,10,3.11936228235788,10,8.3187946074544,6.08365019011407,0.926935047559112,2,2.5,2.77686554861686,0.1,0.2
"142","Ireland","IRL",5.1580263290132,6.09843279601285,0.296222783942635,0.687822905654331,6.90065559342353,4.69041575982343,3.89633703695301,0,1.73259232729683,10,0,0.21051636579141,1,2.2,0,0.300187617260786,NA,1.45833333333333,0.25,0.505050505050505,0,0,10,1.94461925739459,10,10,0,0.087747937726725,3,3,0.936738692094679,0.2,0.4
"143","Israel","ISR",4.77764356435444,5.85639176429115,5.05477052621151,8.37930581596392,6.90065559342353,6.73795221116921,5.59722934978931,0,5.47893801078994,10,0,8.37930581596392,2,4.54,0,3.00187617260788,NA,3.125,5.375,7.02127659574468,0,0,10,2.0704845814978,10,10,0,10,4,4,10,0.1,0.4
"144","Italy","ITA",3.20917986938901,6.01447957392205,3.09744264680727,4.32456156992721,6.90065559342353,5.25357021462548,4.36415048295186,0,5.68068383696318,10,0,3.85224033265012,1,2.76,0,3.22701688555347,NA,2.29166666666667,2.625,2.35690235690236,0,0,10,1.44115796098175,10,10,0,6.2962962962963,3,3,7.93492047615872,0.2,0.4
"145","Japan","JPN",0.958262363864042,5.90233229647601,2.5014492084095,2.27273460501495,1.42745194231506,2.20389266007736,1.70645889558545,1.84701439508831,5.56430232371259,0,10,2.38196533670166,1,2.04,2.17703349282297,4.20262664165103,NA,2.70833333333333,5.625,0.638297872340427,0,1,2.38095238095237,1.56702328508496,0,7.36716891356067,10,8.88888888888889,1,2,8.09233871623754,0.1,0.2
"146","Jordan","JOR",4.05126880180943,6.06378076847299,1.75238070501526,5.80155609853954,10,7.46993975879324,7.46993975879324,0,8.49726370267848,1.2,8.17824027749984,4.7271769009458,3,5.58,2.53588516746411,10,NA,8.95833333333333,3,7.02127659574468,1,2,10,0,1.2,7.22034904328573,8.17824027749984,3.18264081297961,1,2,4.79372272342898,0.1,0.3
"147","Latvia","LVA",1.22184563098585,8.56264182480655,1.18927388123095,4.7535079878034,7.96819072889594,3.67747325263005,3.3637524931291,1.37573511854182,5.47893801078994,10,0,4.35373195292784,1,1.42,0.933014354066984,3.00187617260788,NA,8.54166666666667,0.125,2.69360269360269,0,1,9.52380952380948,2.02852947346339,10,10,0,7.03703703703704,2,3,8.38870492807861,0.2,0.4
"148","Liberia","LBR",0.220021999736594,2.12381072771678,2.04716939737349,9.33844095479787,2.68354423060831,5.7652489311473,4.32794855903418,2.36417033773862,9.78754372503937,0,5.04302581548929,9.31514758961977,2,6.98,9.73684210526316,10,10,5.625,2.25,9.14893617021276,2,3,4.76190476190474,2.36417033773862,0,9.57960121695575,5.04302581548929,9.48437862086223,0,1,9.53187101142692,0,0.3
"149","Lithuania","LTU",1.10186494373608,5.58317957130215,1.17173161495564,4.44649956891338,5.280872943711,5.34522483824848,3.98027873786912,2.57151650613631,3.00093793968213,10,0,4.07254333042655,1,3,2.27272727272727,0.900562851782363,NA,9.79166666666667,0,2.35690235690236,0,1,9.52380952380948,2.90958674218586,10,10,0,7.03703703703704,2,3,8.38870492807861,0.2,0.4
"150","Netherlands","NLD",3.3937187817568,7.68089187485071,0.392513335169507,1.11410778254382,6.90065559342353,0,0,0,4.82333290761804,10,0,0,1,0,0,2.32645403377111,NA,1.04166666666667,0,0,0,0,10,0.602055800293687,10,10,0,0.15406671828589,3,3,1.24123615112472,0.2,0.4
"151","New Zealand","NZL",0.158742094564982,0,1.35415882658172,2.06935405516292,1.22474487139159,5.65685424949238,1.97969280153591,1.95295943246765,6.30673126802264,0,0,0,0,3.2,1.84210526315789,3.97748592870544,NA,0,1.875,0,0,0,10,2.0704845814978,0,10,0,1.83374612760919,2,2,4.28222620561921,0.2,0.5
"152","North Macedonia","MKD",2.47777359338634,7.00138808553046,1.33512440911938,4.43280101036451,10,7.86129760281342,7.86129760281342,2.97380977608324,4.05214484048208,9.2,0,2.37993561211819,2,6.18,3.61244019138756,1.98874296435272,NA,3.125,1.5,NA,0,1,10,2.44808055380743,9.2,8.25641025641026,0,2.37993561211819,1,2,4.43280101036451,0.2,0.4
"153","Philippines","PHL",2.94134855263186,6.50139650880964,1.86376224974689,8.43608568653542,7.19424373072963,5.69755035080867,5.6771658346105,4.77121686731279,6.98009440662577,10,10,8.38400668916173,3,4.48,7.20095693779904,5.34709193245778,NA,7.70833333333333,8.5,7.90780141843971,0,1.5,7.246,3.16131739039228,10,9.11181601903251,10,8.88888888888889,2,3.5,8.99966222528256,0.1,0.2
"154","Portugal","PRT",4.22013776896587,8.66589694109492,0.866388391537939,1.92091471462464,6.90065559342353,4.40454310910905,3.65886209787164,0,6.54039260745578,10,0,1.00545906897435,1,1.94,0,4.27767354596623,NA,1.875,1,1.34680134680135,0,0,10,0.853786448500104,10,10,0,0.750628844991697,3,3,2.73976065558964,0.2,0.4
"155","Qatar","QAT",1.23294120473637,3.5814563247447,1.97107451487127,5.16542836831431,4.87950036474266,7.58946638440411,5.30150187219789,0,0,10,0,5.36717657266276,2,5.76,0,0,NA,6.04166666666667,0,3.7037037037037,0,0.5,10,3.4130480385987,10,6.67263502976873,0,7.77777777777778,2,2.5,7.20404556161028,0.1,0.2
"156","Saint Kitts and Nevis","KNA",0.0258198889747319,10,0.550888613994947,1.29299157305672,0.000666666666667481,0.0764198926982179,0.0764198926982179,4.88210176980187,6.39535478701396,10,2.06790741111334,0.167182720799568,1,8.76,4.01913875598086,4.09005628517824,NA,5.20833333333333,0.625,NA,0,0,0.000666666666667481,5.93035452066289,10,10,2.06790741111334,0.167182720799568,2,2,1.29299157305672,0.2,0.5
"157","Saint Vincent and the Grenadines","VCT",0.136122210334174,5.33668863934357,0.938349753531811,2.21528946385326,0.515000000000001,1.95217827054806,1.95217827054806,6.31322426275099,7.41213329331068,10,1.46754719498366,0.82621720191179,2,7.4,4.47368421052631,9.24953095684803,10,8.54166666666667,0.5,NA,1,1.5,0.515000000000001,8.90916719110552,10,5.93973037272006,1.46754719498366,0.82621720191179,1,1.5,2.21528946385326,0.1,0.4
"158","Singapore","SGP",0.306338255313065,0,0.815284202992932,1.2686717196156,2.01163283594861,2.31968799215592,2.13220313507974,0,1.9121012619285,0,0,0,0,2.26,0,0.938086303939961,NA,3.54166666666667,0,0,0,0,2.38095238095237,0.895741556534508,0,3.8974358974359,0,0.66468833164982,0,0,1.6095279321524,0.2,0.5
"159","Slovenia","SVN",2.75646599115779,8.05266094263813,0.581247925998465,0.556272365555611,7.97567731113968,2.23318964711911,2.11338101019154,0.726015622307215,4.41726104299386,10,0,0.238488912799321,1,0.559999999999999,0.215311004784688,1.95121951219512,NA,0.625,1.125,0.16835016835017,0,0.5,8.9056,2.44808055380743,10,10,0,0.337849151477517,2,2.5,1.83806733140415,0.2,0.4
"160","Sweden","SWE",1.93560056069591,0,0.281817379736002,0.913533043895596,4.87950036474266,0,0,1.43014387971181,4.79933607762282,10,0,0,1,0,1.55502392344497,2.62664165103189,NA,0,0,0,0,0.5,10,1.31529263687854,10,8.76923076923077,0,0.0794210355212659,2,2.5,0.834542622289152,0.2,0.4
"161","Switzerland","CHE",3.97100639475404,0,1,1.6470406669282,4.87950036474266,2.44948974278318,1.71105237174249,0,0,10,0,0,1,0.600000000000001,0,0,NA,3.54166666666667,0.25,0,0,0.5,10,0.140549611915251,10,7.35897435897436,0,0,2,2.5,2.7127429585153,0.2,0.4
"162","Thailand","THA",0.208944225787205,5.97140251338409,4.02640901380218,7.8702375850822,6.35317336386968,0,0,2.66107678878522,5.54700196225229,10,3.76225735441265,7.79633045632283,2,0,3.56459330143541,3.07692307692308,NA,6.875,5.625,6.31205673758865,0,0.5,10,1.98657436542899,10,10,3.76225735441265,9.62962962962963,3,3.5,9.81306762925316,0.1,0.2
"163","Tonga","TON",NA,3.10343869215737,0.345603925883127,1.82445226096085,NA,NA,NA,NA,9.81393484591142,10,3.80228136882129,0.345603925883127,2,8.98,4.52153110047847,10,NA,2.29166666666667,2.5,NA,1,1.5,NA,NA,10,9.63133171597945,3.80228136882129,0.345603925883127,1,1.5,1.82445226096085,0.3,0.6
"164","United States of America","USA",3.6541955544944,6.82275659099372,0.415832767383499,1.41263793892971,4.87950036474266,0,0,0.603445315402627,4.13479502502726,10,10,0.513485733864485,2,0,0.191387559808613,1.72607879924953,NA,0.208333333333332,6.625,1.52482269503546,0,0.5,10,1.90266414936019,10,9.90483743061063,10,0.17291689042982,3,3.5,1.3087068765442,0.2,0.3
"165","Uruguay","URY",2.07115408774443,3.60200906127633,1.36109819905131,3.53495247701561,6.34791891934083,6.40312423743284,6.03631134029851,3.57773283473757,5.17400425187803,10,0,2.99644383316997,1,5.74,3.13397129186603,4.14634146341463,NA,4.79166666666667,0,2.69360269360269,0,0.5,7.14285714285711,4.08432976714915,10,6.45637129374429,0,3.33333333333333,1,1.5,4.6390987967292,0.1,0.2
"166","Benin","BEN",0.91461010385465,2.79478806743591,2.33977575818544,6.91433938358093,0.799999999999994,7.67184090405573,2.56748904574098,3.91185040801069,8.39458936366201,8.36660026534076,3.26862784337269,6.12445332282352,3,8.24,8.61244019138756,7.5046904315197,7,5.20833333333333,1.5,6.48936170212766,0,1,7.14285714285711,1.77679882525698,10,9.3900116503856,3.26862784337269,5.78006439233401,1,2,7.36714815814066,0,0.2
"167","Canada","CAN",2.52613999572898,3.7826557163926,0.922459493254172,1.1658949638998,4.80904952767928,0,0,1.14546970138613,3.74899162209225,0,0,0.655563415902743,0,0,0.837320574162678,1.65103189493433,NA,0,2,0.505050505050505,0,0.5,4.8566610455312,1.56702328508496,0,8.51282051282051,0,0.850931516694743,0,0.5,2.69143591235691,0.2,0.4
"168","Costa Rica","CRI",4.93577299209591,5.38111442244329,1.74972831333214,3.34706311059873,6.90065559342353,7.05691150575094,5.86218942505692,1.27188071966242,4.50241133044515,1.6,1.10733106530585,3.6385121527321,1,4.98,3.39712918660287,3.63977485928705,NA,3.95833333333333,3.25,1.70212765957447,0,0.5,10,0.476190476190476,1.6,5.56949497488743,1.10733106530585,7.77777777777778,1,1.5,6.5816634864694,0.1,0.3
"169","Cte d'Ivoire","CIV",0.386142905346792,4.9117632014436,0.396955433047714,9.32328499551254,0.586003412959344,1.53930503799604,2.01082658362661,5.96811790606272,8.51231201185888,8.36660026534076,4.40264158495097,9.38620619975244,3,6.9,7.29665071770335,7.72983114446529,7,8.125,5.125,9.14893617021276,0,1,0.343399999999999,4.88147681980281,10,9.37400241131002,4.40264158495097,9.62962962962963,1,2,9.50095633966237,0,0.2
"170","Denmark","DNK",3.78630023124083,7.31433617259424,0.217309642514125,0.827372512101201,6.90065559342353,0,0,0,4.48406038292074,10,0,0,1,0,0,2.02626641651032,NA,1.875,0,0,0,0.5,10,2.40612544577302,10,9.92307692307693,0,0.0472234807296168,2,2.5,0.684545273780652,0.2,0.4
"171","Eswatini","SWZ",2.29240872081389,2.83113075860969,2.58053783967053,8.35838368981901,5.0678256819722,6.47770422294813,6.27914674185464,6.34948012631285,3.41142215282425,10,3.68220932559536,8.82363757099302,2,7.78,7.91866028708134,1.50093808630394,NA,7.29166666666667,1,8.08510638297872,0,1,5.3934,5.09125235997483,10,7.75368498605973,3.68220932559536,9.62962962962963,1,2,8.64089779366561,0.1,0.2
"172","Finland","FIN",2.32063307594473,3.69520112016819,0.556116046943338,1.23356567027136,9.75900072948531,1.61245154965971,1.59290306976482,1.16186949821487,4.10568986614332,10,0,0,1,0.26,0.885167464114833,2.25140712945591,NA,0,0,0,0,0.5,10,1.52506817705056,10,7.48717948717949,0,0.309265057667885,2,2.5,1.52168426287202,0.2,0.4
"173","Ghana","GHA",0.824822851798244,5.23207710478668,4.04500335906484,6.19032154350263,1.22357789173508,5.7321150422111,2.90563030218437,6.59285163383686,4.58964809748522,10,2.81502234674138,6.23504251692095,1,6.9,7.17703349282296,2.92682926829268,10,6.875,2.375,5.24822695035461,1,2,4.76190476190474,6.0562198447661,10,7.19716380007281,2.81502234674138,7.40740740740741,1,2,7.30152891146668,0,0.2
"174","Guinea-Bissau","GNB",1.1229106062015,7.3435424116769,2.89975287332996,9.842242048303,10,10,10,NA,9.75264724596711,10,2.54819558401708,9.9662730911108,4,10,8.66028708133971,10,NA,7.29166666666667,1.75,9.93265993265993,2,2.5,10,NA,10,9.51141283042699,2.54819558401708,10,3,3.5,9.75264724596711,0.1,0.3
"175","Indonesia","IDN",1.65061041895997,4.63652666103009,4.12500541996666,6.54127483737776,3.57198090967009,3.57238082543067,3.09401177081081,3.61190816891218,3.37941882742436,10,10,7.7184498498796,3,2.68,5.23923444976076,2.21388367729831,NA,6.45833333333333,8,5.95744680851064,0,0,4.76190476190474,2.49003566184183,10,5.15856895656193,10,10,3,3,7.18231784075442,0.1,0.2
"176","Jamaica","JAM",3.24816902613727,7.58322344027754,1.74267888495466,5.6605635938012,7.01488213932146,7.6531972777022,7.58432815366239,3.47480049205492,9.11492433042348,10,3.4554065772797,5.11876290216124,3,8.2,4.21052631578947,10,NA,8.125,2.875,4.71631205673759,1,2,7.14285714285711,2.86763163415146,10,8.3081845549346,3.4554065772797,5.55555555555556,1,2,6.79386347086455,0.1,0.2
"177","Korea Republic of","KOR",1.45480641391406,2.43972740266807,3.47146276075151,1.72161969489286,7.19009950308042,8.50744046172975,8.47944544358911,2.19937110359534,0.990647563410435,10,0,2.23341736724269,2,10,8.63636363636363,0.375234521575983,NA,6.45833333333333,3.375,0.673400673400673,1,2,7.23765432098765,0.560100692259283,10,2.61538461538461,0,7.40740740740741,1,2,4.40150194515683,0.1,0.4
"178","Kyrgyzstan","KGZ",1.01843398911031,7.91109036505238,2.05414016382977,9.30990204209091,2.21133443874959,3.1396087108337,3.02571059032805,3.19881685801003,8.02201473760061,8.36660026534076,10,8.66742760333285,4,4.14,3.73205741626794,6.43527204502814,7,1.04166666666667,4.625,NA,0,0.5,2.38095238095237,2.74176631004825,10,10,10,8.66742760333285,3,3.5,9.30990204209091,0.1,0.3
"179","Lao PDR","LAO",0.104893816562503,4.30589283956185,1.7797963298532,7.77115405387102,0.138013111868494,5.06152621439892,0.861690513962232,5.12717137569139,6.02177510650062,4.69041575982343,5.33653525448603,7.50358437854874,1,5.38,8.66028708133971,4.05253283302064,10,1.04166666666667,2.5,7.23905723905724,1,2,4.76190476190474,3.03545206628907,2.2,8.94792884533944,5.33653525448603,7.77777777777778,0,1,8.34236190358689,0,0.3
"180","Liechtenstein","LIE",0.177780501239554,NA,1,1,1.4984,2.81807026172166,2.81807026172166,NA,NA,NA,NA,0,0,5.3,NA,NA,NA,2.29166666666667,0,NA,0,0,1.4984,0.685966016362492,NA,NA,NA,0,0,0,1,0.7,0.8
"181","Marshall Islands","MHL",NA,1.84615384615384,0.355762672605408,0.810427434350815,NA,NA,NA,NA,4.29668924423659,3.2,0.213461410179441,0.355762672605408,0,10,NA,10,NA,8.54166666666667,1.25,NA,2,2,NA,NA,3.2,1.84615384615384,0.213461410179441,0.355762672605408,0,0,0.810427434350815,0.4,0.7
"182","Namibia","NAM",2.09721653465192,2.23892798843392,1.95054397015586,5.39773670519905,3.10248287666508,8.13773629457234,4.62007382965421,3.71034977773852,4.20734860359317,10,6.24374624774865,5.8447203954665,2,6.88,9.2822966507177,3.86491557223264,NA,1.875,1.75,5.42553191489362,0,0.5,9.6254,1.48311306901615,10,4.58012133546597,6.24374624774865,6.2962962962963,1,1.5,5.37008389143801,0.1,0.2
"183","Nepal","NPL",2.61264694937589,4.75073416249394,1.77541782010349,7.35417185083934,6.52146638491096,7.89555419207544,6.74683891660965,5.5896161191539,5.49755338700568,2.89827534923789,4.20252151290775,8.47747676452989,2,6.98,9.04306220095694,6.00375234521576,3,7.29166666666667,5.75,8.08510638297872,0,1,8.9312,3.4550031466331,2.8,5.03403396828345,4.20252151290775,8.88888888888889,0,1,6.68931749933908,0,0.3
"184","Norway","NOR",0.456402675118824,0,1,1.68849066446705,6.55622849737776,3.20713490294909,2.66096350541829,0,2.81601779515669,10,0,0,1,1.08,0,0.97560975609756,NA,0,0,0,0,1,9.52380952380948,2.53199076987623,10,8.12820512820513,0,0,1,2,2.85100072399239,0.2,0.4
"185","Paraguay","PRY",3.09648926189236,0.788958727915465,2.76976823343738,6.88361545576067,6.90065559342353,8.28251169633946,6.88029776760319,3.86517549838274,0,10,0,6.6489125295088,2,6.86,5.28708133971292,0,NA,3.54166666666667,1.375,5.42553191489362,0,1,10,2.82567652611705,10,9.36101287323655,0,8.14814814814815,2,3,8.73355138004314,0.1,0.2
"186","Russian Federation","RUS",1.85912972910443,7.40775061494465,6.77671223905414,7.89630250943491,2.92602118926026,6.63374886470689,3.87811151371357,2.57883432558436,2.82155299309056,10,2.57487826028951,8.30804243029422,2,5.14,2.58373205741627,0.97560975609756,NA,4.375,6.25,6.9023569023569,0,1,8.5616,2.57394587791064,10,8.16019032513878,2.57487826028951,10,2,3,9.0333771786297,0.1,0.2
"187","Slovakia","SVK",1.6942606364718,7.56197545156629,0.327434016264498,1.75534556440861,6.02767427312201,5.61884583979917,5.16161992858824,1.34882395011393,3.56535987289301,10,0,0.327434016264498,1,4.42,0.861244019138754,1.35084427767354,NA,1.45833333333333,0.75,NA,0,1,7.14285714285711,2.1124396895322,10,9.41025641025641,0,0.327434016264498,1,2,1.75534556440861,0.3,0.5
"188","Sri Lanka","LKA",0.565614728541064,3.96699368208308,2.0141006138667,7.46828373356221,1.28607931326182,8.4970583144992,3.04721063298065,4.45278018189023,5.04087819384714,10,2.52151290774465,8.38400668916173,3,7.22,5.66985645933014,4.54033771106942,NA,2.29166666666667,4.25,7.90780141843971,0,0.5,10,3.49695825466751,10,5.59659976465022,2.52151290774465,8.88888888888889,2,2.5,7.05319455733056,0.1,0.2
"189","United Kingdom","GBR",4.69710407102384,0,1,2.11714692019329,6.90065559342353,0,0,0,5.69421734950122,10,0,0,1,0,0,3.75234521575985,NA,1.45833333333333,2.625,1.52482269503546,0,0.5,10,1.23138242080973,10,8.64102564102564,0,0,2,2.5,2.9395621512439,0.2,0.5
"190","Viet Nam","VNM",0.3860207427901,4.48920614223541,1.79692234445895,6.48360740060538,0.0925820099772841,5.46416899968721,0.622087455029474,2.94276494522378,4.99596858822497,10,10,6.97098945521831,2,4.18,5.52631578947368,3.60225140712945,NA,3.54166666666667,5.375,5.24822695035461,0,1,7.14285714285711,1.56702328508496,10,6.92891731130459,10,9.25925925925926,2,3,8.00978412763657,0.1,0.2
